f_1,f_2,f_3,f_4,f_5,f_1_min,f_2_min,f_3_min,f_4_min,f_5_min
0.36822694676825474,0.41096064710571906,0.3268981157931114,1.08112353646923,0.7591552651627423,0.36822694676825474,0.41096064710571906,0.3268981157931114,1.08112353646923,0.7591552651627423
0.23549985436847085,0.2768823824257895,0.44222268746126203,0.7005846864676679,0.7059095783546571,0.23549985436847085,0.2768823824257895,0.44222268746126203,0.7005846864676679,0.7059095783546571
0.2775385935964958,0.4171826857922971,0.3488876915583899,0.917620263419078,0.7584070266521743,0.2775385935964958,0.4171826857922971,0.3488876915583899,0.917620263419078,0.7584070266521743
0.43487679214468533,0.2250780503617762,0.4752874379500382,1.3293224971650048,0.7138811312062093,0.43487679214468533,0.2250780503617762,0.4752874379500382,1.3293224971650048,0.7138811312062093
0.18349133797665484,0.1796063885679759,0.2576853732681363,0.3722198627594933,0.8712109357176476,0.18349133797665484,0.1796063885679759,0.2576853732681363,0.3722198627594933,0.8712109357176476
0.26322811278692737,0.2464272144422986,0.45543635153086837,0.7403238196091799,0.7131375329096191,0.26322811278692737,0.2464272144422986,0.45543635153086837,0.7403238196091799,0.7131375329096191
0.26105004400937504,0.3289701891550886,0.4230061956667571,0.7673062896740754,0.686891608758127,0.26105004400937504,0.3289701891550886,0.4230061956667571,0.7673062896740754,0.686891608758127
0.24326893990128304,0.2095456083974445,0.3748392525970259,0.5766484390344313,0.8091942531726299,0.24326893990128304,0.2095456083974445,0.3748392525970259,0.5766484390344313,0.8091942531726299
0.166609417836755,0.171982986393524,0.24709375442733392,0.35613389222051767,0.8945678256775018,0.166609417836755,0.171982986393524,0.24709375442733392,0.35613389222051767,0.8945678256775018
0.24821844674802399,0.23336318699265649,0.32133614653053627,0.5005261701950601,0.787720912604991,0.24821844674802399,0.23336318699265649,0.32133614653053627,0.5005261701950601,0.787720912604991
0.28079810862700927,0.38936788962308005,0.34558185719199375,0.8329907565212965,0.7577609220817622,0.28079810862700927,0.38936788962308005,0.34558185719199375,0.8329907565212965,0.7577609220817622
0.25031810776399477,0.23152866888436616,0.3681570089059772,0.5423822136472197,0.7491160088865255,0.25031810776399477,0.23152866888436616,0.3681570089059772,0.5423822136472197,0.7491160088865255
0.2512955644279328,0.18803276689215032,0.542588846978957,1.0875912154544831,0.8251175996964809,0.2512955644279328,0.18803276689215032,0.542588846978957,1.0875912154544831,0.8251175996964809
0.39833706304758015,0.2950908622301867,0.3438710546990432,0.8841532552403204,0.7580562391962202,0.39833706304758015,0.2950908622301867,0.3438710546990432,0.8841532552403204,0.7580562391962202
0.21429486777719503,0.2053814525950916,0.29573012433724194,0.4381508459917865,0.8317899805170271,0.21429486777719503,0.2053814525950916,0.29573012433724194,0.4381508459917865,0.8317899805170271
0.2914381230318826,0.2855583953748367,0.39793859711213736,0.5849670132913566,0.6057629424259677,0.2914381230318826,0.2855583953748367,0.39793859711213736,0.5849670132913566,0.6057629424259677
0.32622073137430024,0.2589426717469594,0.4392930729229073,0.7858863813889486,0.6691843985364271,0.32622073137430024,0.2589426717469594,0.4392930729229073,0.7858863813889486,0.6691843985364271
0.18447252108548617,0.30992385802578554,0.5212411104864945,1.1109999529301253,0.8125460980090893,0.18447252108548617,0.30992385802578554,0.5212411104864945,1.1109999529301253,0.8125460980090893
0.23824277337314584,0.22428144006639392,0.3420025320196938,0.5039712267325354,0.7792228700045202,0.23824277337314584,0.22428144006639392,0.3420025320196938,0.5039712267325354,0.7792228700045202
0.2261235559663701,0.4350743726006136,0.4783373534267794,1.305656352845523,0.7241240335479093,0.2261235559663701,0.4350743726006136,0.4783373534267794,1.305656352845523,0.7241240335479093
0.3161237863495794,0.17707886128673417,0.49726594232308735,1.10000823140533,0.8849606762674299,0.3161237863495794,0.17707886128673417,0.49726594232308735,1.10000823140533,0.8849606762674299
0.19755973768158688,0.20684942251371505,0.2744195060773138,0.415661152476967,0.856463192398864,0.19755973768158688,0.20684942251371505,0.2744195060773138,0.415661152476967,0.856463192398864
0.231781265231438,0.24725236758533395,0.3196276606893978,0.4969318367757654,0.7896939614733884,0.231781265231438,0.24725236758533395,0.3196276606893978,0.4969318367757654,0.7896939614733884
0.2198120027817184,0.25017098996101617,0.3769401592254487,0.5737503558362445,0.780145538743111,0.2198120027817184,0.25017098996101617,0.3769401592254487,0.5737503558362445,0.780145538743111
0.25400865023349617,0.2547348205367253,0.49766371721964076,0.8508017558457815,0.6908756434288442,0.25400865023349617,0.2547348205367253,0.49766371721964076,0.8508017558457815,0.6908756434288442
0.3540621311349473,0.35062546444630144,0.3595331640563152,0.8792722858425231,0.7123626401475445,0.3540621311349473,0.35062546444630144,0.3595331640563152,0.8792722858425231,0.7123626401475445
0.2833687875542359,0.16983208583069245,0.5217723299365593,1.0754726582613252,0.860033548199924,0.2833687875542359,0.16983208583069245,0.5217723299365593,1.0754726582613252,0.860033548199924
0.15367301460753305,0.265481974815972,0.5373101035997543,1.1156872822478319,0.8828221353383815,0.15367301460753305,0.265481974815972,0.5373101035997543,1.1156872822478319,0.8828221353383815
0.20289091536736076,0.2334317338030856,0.5669476870032012,1.2034812803122399,0.824841889211222,0.20289091536736076,0.2334317338030856,0.5669476870032012,1.2034812803122399,0.824841889211222
0.1746152198482424,0.18220858084642783,0.2630609630589652,0.38049552142252424,0.8827013119788069,0.1746152198482424,0.18220858084642783,0.2630609630589652,0.38049552142252424,0.8827013119788069
0.21750502852080428,0.20800851923051855,0.29984866592999226,0.4442586880275134,0.8255749717090659,0.21750502852080428,0.20800851923051855,0.29984866592999226,0.4442586880275134,0.8255749717090659
2.162201095319397e-17,2.1607103905371528e-17,3.070998041052723e-17,4.356252784880622e-17,1.0034314058021592,2.162201095319397e-17,2.1607103905371528e-17,3.070998041052723e-17,4.356252784880622e-17,1.0034314058021592
0.20069503186615162,0.21133831726114438,0.3063167224752816,0.4451627074720642,0.8319937502423602,0.20069503186615162,0.21133831726114438,0.3063167224752816,0.4451627074720642,0.8319937502423602
0.21610935275677876,0.3763752576137634,0.47285307721212005,1.1178124657191226,0.7804540771984063,0.21610935275677876,0.3763752576137634,0.47285307721212005,1.1178124657191226,0.7804540771984063
0.21364902870722238,0.20346019391535905,0.3102297283302184,0.450302612291717,0.8256591319547795,0.21364902870722238,0.20346019391535905,0.3102297283302184,0.450302612291717,0.8256591319547795
0.3883673629948901,0.31889483442052385,0.3573322078860404,0.8835742722168607,0.7082233023861493,0.3883673629948901,0.31889483442052385,0.3573322078860404,0.8835742722168607,0.7082233023861493
0.4733769220758378,0.25073327229804243,0.42416518137885234,1.3247010418040464,0.7132140860939222,0.4733769220758378,0.25073327229804243,0.42416518137885234,1.3247010418040464,0.7132140860939222
0.35129993066160065,0.2548741717595391,0.42659334732944626,0.862760268974807,0.7321736007889512,0.35129993066160065,0.2548741717595391,0.42659334732944626,0.862760268974807,0.7321736007889512
0.37100333450481726,0.2173790003360254,0.46714817829936184,1.0836230763666899,0.7865012327648963,0.37100333450481726,0.2173790003360254,0.46714817829936184,1.0836230763666899,0.7865012327648963
0.18688219773696674,0.3465313438484582,0.51160285633286,1.2179909193964096,0.8346570459412451,0.18688219773696674,0.3465313438484582,0.51160285633286,1.2179909193964096,0.8346570459412451
0.281986596141286,0.292783706703054,0.3908858753533615,0.5874111348009976,0.6252327289967754,0.281986596141286,0.292783706703054,0.3908858753533615,0.5874111348009976,0.6252327289967754
0.19914142442795063,0.2113579888053341,0.3075294033906763,0.4488309314919536,0.836625070207639,0.19914142442795063,0.2113579888053341,0.3075294033906763,0.4488309314919536,0.836625070207639
0.1960519635818587,0.18619046422504326,0.28507801530006677,0.4145397001063441,0.8636409200068985,0.1960519635818587,0.18619046422504326,0.28507801530006677,0.4145397001063441,0.8636409200068985
0.32658457446345185,0.3238213211785013,0.470637927452222,0.6800032133088426,0.3843446382067761,0.32658457446345185,0.3238213211785013,0.470637927452222,0.6800032133088426,0.3843446382067761
0.31870630289771845,0.28708919108737146,0.4515847262465137,0.697044771961533,0.5351137295747658,0.31870630289771845,0.28708919108737146,0.4515847262465137,0.697044771961533,0.5351137295747658
0.3511719197810534,0.24981726442171093,0.44898461195222705,0.8888788023574894,0.689821261084313,0.3511719197810534,0.24981726442171093,0.44898461195222705,0.8888788023574894,0.689821261084313
0.22853911024136225,0.23769827741418376,0.3300758395930479,0.4869788654169353,0.7760373831245818,0.22853911024136225,0.23769827741418376,0.3300758395930479,0.4869788654169353,0.7760373831245818
0.1860052823092324,0.2844761806780925,0.5222352049089415,0.9578252022273027,0.7407735571172939,0.1860052823092324,0.2844761806780925,0.5222352049089415,0.9578252022273027,0.7407735571172939
0.2944307701951669,0.4082766392103394,0.3525201226854469,0.8835095436641869,0.7154548125689365,0.2944307701951669,0.4082766392103394,0.3525201226854469,0.8835095436641869,0.7154548125689365
0.3076542796733885,0.39476647002174375,0.5261555387126239,0.9575100769935383,0.15168577664148467,0.3076542796733885,0.39476647002174375,0.5261555387126239,0.9575100769935383,0.15168577664148467
0.4106996052983821,0.34384828861628897,0.4798900351946151,0.8880553041111967,0.2368424787306474,0.4106996052983821,0.34384828861628897,0.4798900351946151,0.8880553041111967,0.2368424787306474
0.5840457194614197,0.32465354003315816,0.35558558229651654,1.4702100791261579,0.00924655493636413,0.5840457194614197,0.32465354003315816,0.35558558229651654,1.4702100791261579,0.00924655493636413
0.3676848885156108,0.25878539362010256,0.5205344438105116,0.9772840977704993,0.46024515177860875,0.3676848885156108,0.25878539362010256,0.5205344438105116,0.9772840977704993,0.46024515177860875
0.21380369321293574,0.2055139934335022,0.2955927600710175,0.4356286780902368,0.829023367216324,0.21380369321293574,0.2055139934335022,0.2955927600710175,0.4356286780902368,0.829023367216324
0.27162024483184694,0.19760134023990925,0.45957091587130366,0.7816044379458055,0.7902423605996806,0.27162024483184694,0.19760134023990925,0.45957091587130366,0.7816044379458055,0.7902423605996806
0.34035228661419675,0.3547902352400538,0.4721563520768332,0.7130548666324558,0.29472224874145037,0.34035228661419675,0.3547902352400538,0.4721563520768332,0.7130548666324558,0.29472224874145037
0.2331550497369166,0.21808379978021342,0.34310470052020703,0.5036522649131571,0.7906110650566222,0.2331550497369166,0.21808379978021342,0.34310470052020703,0.5036522649131571,0.7906110650566222
0.20936600175826353,0.2008633402233117,0.3017479260076493,0.43629624155477065,0.8302713764346118,0.20936600175826353,0.2008633402233117,0.3017479260076493,0.43629624155477065,0.8302713764346118
0.22132091952267743,0.2144229339397459,0.31753388848524067,0.45490670436681097,0.7992821018008923,0.22132091952267743,0.2144229339397459,0.31753388848524067,0.45490670436681097,0.7992821018008923
0.2692234921895811,0.2518084226486151,0.4749578248024824,0.782453677588261,0.6807086458273858,0.2692234921895811,0.2518084226486151,0.4749578248024824,0.782453677588261,0.6807086458273858
0.41059586162902323,0.2524212517454078,0.47106337089942785,1.1084447910929938,0.6197648750085638,0.41059586162902323,0.2524212517454078,0.47106337089942785,1.1084447910929938,0.6197648750085638
0.2571106702336525,0.36690804613014666,0.4411303007250223,0.9044495133471928,0.6774031639419829,0.2571106702336525,0.36690804613014666,0.4411303007250223,0.9044495133471928,0.6774031639419829
0.3800555364896855,0.29205348694580585,0.3462501077475397,0.8296559322685526,0.7556526775757367,0.3800555364896855,0.29205348694580585,0.3462501077475397,0.8296559322685526,0.7556526775757367
0.22783479221089253,0.22096744351185083,0.3070591483022396,0.45646667842178545,0.8000651962573067,0.22783479221089253,0.22096744351185083,0.3070591483022396,0.45646667842178545,0.8000651962573067
0.31789182752990297,0.28999830594885057,0.4682618800734467,0.6827394896381833,0.510427430954798,0.31789182752990297,0.28999830594885057,0.4682618800734467,0.6827394896381833,0.510427430954798
0.32278225069171756,0.3694510929693435,0.5020338033138801,0.7956540484029736,0.3035918607899335,0.32278225069171756,0.3694510929693435,0.5020338033138801,0.7956540484029736,0.3035918607899335
0.2973573752051481,0.3582043546215925,0.4085130581096774,0.7461046722564308,0.5871283812558488,0.2973573752051481,0.3582043546215925,0.4085130581096774,0.7461046722564308,0.5871283812558488
0.19552397038124106,0.1924220877615966,0.27989655439543953,0.39998305265075773,0.8443698829832552,0.19552397038124106,0.1924220877615966,0.27989655439543953,0.39998305265075773,0.8443698829832552
0.27143051586983385,0.23704313357285525,0.5367021263953243,0.9969062469047397,0.6924237698534965,0.27143051586983385,0.23704313357285525,0.5367021263953243,0.9969062469047397,0.6924237698534965
0.21723951127928937,0.21943864942260966,0.3084849040252121,0.4490340330875706,0.8050418811393513,0.21723951127928937,0.21943864942260966,0.3084849040252121,0.4490340330875706,0.8050418811393513
0.3023885470115363,0.3211064886510346,0.5844211925978825,0.9744634584435031,0.0,0.3023885470115363,0.3211064886510346,0.5844211925978825,0.9744634584435031,0.0
0.17010382551513084,0.17441050436546485,0.24315828543528692,0.35592414981201054,0.8937795538150975,0.17010382551513084,0.17441050436546485,0.24315828543528692,0.35592414981201054,0.8937795538150975
0.3218427610715175,0.336899651293328,0.5295742838864752,0.8035549660028286,0.21402185487243777,0.3218427610715175,0.336899651293328,0.5295742838864752,0.8035549660028286,0.21402185487243777
0.32683663416392494,0.2264855538062993,0.6469429663627301,1.2225084414744034,0.01600115597777881,0.32683663416392494,0.2264855538062993,0.6469429663627301,1.2225084414744034,0.01600115597777881
0.4192409568276786,0.3639342188559717,0.4274183127497159,0.9159818989023164,0.34213019236898584,0.4192409568276786,0.3639342188559717,0.4274183127497159,0.9159818989023164,0.34213019236898584
0.18597714976798782,0.17577621180230757,0.24172458386392473,0.372656133827358,0.9021554798811497,0.18597714976798782,0.17577621180230757,0.24172458386392473,0.372656133827358,0.9021554798811497
0.1795988906785928,0.18102032634706894,0.25623196665380255,0.37284913356610466,0.8779899707525365,0.1795988906785928,0.18102032634706894,0.25623196665380255,0.37284913356610466,0.8779899707525365
1.5118969730666272e-17,2.2515242831961316e-17,3.7042515405329525e-17,7.18838651500364e-17,1.392946292895197,1.5118969730666272e-17,2.2515242831961316e-17,3.7042515405329525e-17,7.18838651500364e-17,1.392946292895197
0.34639105108555146,0.3339129925946972,0.4230986560770042,0.7295784983369754,0.49503338146829295,0.34639105108555146,0.3339129925946972,0.4230986560770042,0.7295784983369754,0.49503338146829295
0.325379975673411,0.29937843521693014,0.40230325589838273,0.6592568205187269,0.5876012783048647,0.325379975673411,0.29937843521693014,0.40230325589838273,0.6592568205187269,0.5876012783048647
0.21000700942557196,0.21699563947636352,0.29128810967466673,0.4357935227052539,0.8272898439170274,0.21000700942557196,0.21699563947636352,0.29128810967466673,0.4357935227052539,0.8272898439170274
0.3066321590950006,0.44254397387625305,0.38961164794153275,0.9320006756857295,0.6080958770853748,0.3066321590950006,0.44254397387625305,0.38961164794153275,0.9320006756857295,0.6080958770853748
0.25538552936673936,0.4078316898835587,0.5723569674238079,1.242716147636148,0.0,0.25538552936673936,0.4078316898835587,0.5723569674238079,1.242716147636148,0.0
0.3157949085478113,0.3850173027460765,0.492644395406211,0.8600678312790163,0.30013520872566063,0.3157949085478113,0.3850173027460765,0.492644395406211,0.8600678312790163,0.30013520872566063
0.3798730263625346,0.35342130537118194,0.45484561591312994,0.7904119878013018,0.31127326923424564,0.3798730263625346,0.35342130537118194,0.45484561591312994,0.7904119878013018,0.31127326923424564
0.2146332299580953,0.20858392736920991,0.2915891304633914,0.43024964173417557,0.823776100124758,0.2146332299580953,0.20858392736920991,0.2915891304633914,0.43024964173417557,0.823776100124758
0.316012240966676,0.3816805018616604,0.5145021156735934,0.8784820056745233,0.20636131537647887,0.316012240966676,0.3816805018616604,0.5145021156735934,0.8784820056745233,0.20636131537647887
0.32847749435383683,0.34050996050190063,0.5197234862391197,0.778759047865135,0.20997635219346267,0.32847749435383683,0.34050996050190063,0.5197234862391197,0.778759047865135,0.20997635219346267
0.41053993354233276,0.4524697732374692,0.39477858715035213,1.1257371952788526,0.2791987816502569,0.41053993354233276,0.4524697732374692,0.39477858715035213,1.1257371952788526,0.2791987816502569
0.16551951795540967,0.2781799557565685,0.5911407252189239,1.228596142336677,0.702869108147666,0.16551951795540967,0.2781799557565685,0.5911407252189239,1.228596142336677,0.702869108147666
0.2019140006548227,0.1955037520238366,0.27293581564219915,0.4047856269371249,0.8518444237597003,0.2019140006548227,0.1955037520238366,0.27293581564219915,0.4047856269371249,0.8518444237597003
0.2595442831508686,0.35113938740472783,0.5897272168101841,0.9966336978831939,0.006081553021865723,0.2595442831508686,0.35113938740472783,0.5897272168101841,0.9966336978831939,0.006081553021865723
0.32855505228225346,0.2568197096172774,0.4118877103727334,0.7555549437591277,0.708997496579604,0.32855505228225346,0.2568197096172774,0.4118877103727334,0.7555549437591277,0.708997496579604
0.17807193908118532,0.18247110647014209,0.25609060555360336,0.37174737120242574,0.8765048787040095,0.17807193908118532,0.18247110647014209,0.25609060555360336,0.37174737120242574,0.8765048787040095
0.42799572029212707,0.3053992936980517,0.5193058844264813,1.0840893568213186,0.041489346882536096,0.42799572029212707,0.3053992936980517,0.5193058844264813,1.0840893568213186,0.041489346882536096
0.301244615735787,0.37668204686377943,0.5464961455168055,0.9313270169181135,0.02703494462303206,0.301244615735787,0.37668204686377943,0.5464961455168055,0.9313270169181135,0.02703494462303206
0.33631152035792433,0.21577230726352137,0.6137881167083392,1.1412117142823655,0.23891579333322358,0.33631152035792433,0.21577230726352137,0.6137881167083392,1.1412117142823655,0.23891579333322358
0.17014087615210993,0.17421767457726714,0.24315535212307296,0.35520979478941667,0.8927507963308275,0.17014087615210993,0.17421767457726714,0.24315535212307296,0.35520979478941667,0.8927507963308275
0.3459408458245438,0.32038096739544875,0.43175482475461757,0.7043382702924025,0.4806027319282579,0.3459408458245438,0.32038096739544875,0.43175482475461757,0.7043382702924025,0.4806027319282579
0.202752317209308,0.19795832126782484,0.2898510671781187,0.41520050544627835,0.8334258613331549,0.202752317209308,0.19795832126782484,0.2898510671781187,0.41520050544627835,0.8334258613331549
0.18364289656361,0.1807549873117569,0.26299376926117063,0.3757630137936422,0.8658918331057225,0.18364289656361,0.1807549873117569,0.26299376926117063,0.3757630137936422,0.8658918331057225
0.18953564966984426,0.304837120995946,0.6636110766882102,1.3921755713833086,0.03992694595635963,0.18953564966984426,0.304837120995946,0.6636110766882102,1.3921755713833086,0.03992694595635963
0.3270484292381324,0.3027918235730464,0.4599643603013492,0.686347320946222,0.47375815945166944,0.3270484292381324,0.3027918235730464,0.4599643603013492,0.686347320946222,0.47375815945166944
0.41446700623967875,0.35529876607240096,0.4716967909457217,0.8412479887531366,0.0,0.41446700623967875,0.35529876607240096,0.4716967909457217,0.8412479887531366,0.0
0.47716708434750976,0.316154482460123,0.3484541370327419,1.161924060660445,0.6777792160629796,0.47716708434750976,0.316154482460123,0.3484541370327419,1.161924060660445,0.6777792160629796
0.3887070401635005,0.2956215494431063,0.3508514918893492,0.8515263354779193,0.7382642458958789,0.3887070401635005,0.2956215494431063,0.3508514918893492,0.8515263354779193,0.7382642458958789
0.44487820706684644,0.23796357129842072,0.48504432503276373,1.3504632977627038,0.621546620781168,0.44487820706684644,0.23796357129842072,0.48504432503276373,1.3504632977627038,0.621546620781168
0.28453180065238104,0.18189700530436104,0.5038754801255205,0.9854874826283277,0.8295942992549635,0.28453180065238104,0.18189700530436104,0.5038754801255205,0.9854874826283277,0.8295942992549635
0.2961709202692342,0.38762411842717703,0.47366508565322485,0.9631104407975576,0.49829181764005287,0.2961709202692342,0.38762411842717703,0.47366508565322485,0.9631104407975576,0.49829181764005287
0.21676297740914585,0.20797546935770872,0.31490806204311017,0.4565098763336744,0.8161618942505051,0.21676297740914585,0.20797546935770872,0.31490806204311017,0.4565098763336744,0.8161618942505051
0.2795332265858055,0.47711279568112785,0.5260265766166159,1.3855064109337198,0.0,0.2795332265858055,0.47711279568112785,0.5260265766166159,1.3855064109337198,0.0
0.24579158203058082,0.21750180589127138,0.3660265689850445,0.5563372355890359,0.7915071428538089,0.24579158203058082,0.21750180589127138,0.3660265689850445,0.5563372355890359,0.7915071428538089
0.37484739925962063,0.23547944736613352,0.5361088512225688,1.1063849140029907,0.5032337932677398,0.37484739925962063,0.23547944736613352,0.5361088512225688,1.1063849140029907,0.5032337932677398
2.1408790545182494e-17,2.127824359544097e-17,3.143025166416691e-17,4.5701642143808614e-17,1.0312761639325883,2.1408790545182494e-17,2.127824359544097e-17,3.143025166416691e-17,4.5701642143808614e-17,1.0312761639325883
0.2379676123812521,0.22454131916038472,0.3418129453380215,0.502591288788374,0.7779723513650968,0.2379676123812521,0.22454131916038472,0.3418129453380215,0.502591288788374,0.7779723513650968
0.2595148100703559,0.2576058245607378,0.4928321683841198,0.8317235076596512,0.6771179967547941,0.2595148100703559,0.2576058245607378,0.4928321683841198,0.8317235076596512,0.6771179967547941
0.2153059010060238,0.2202444374581698,0.3010116653113929,0.44198557387406856,0.8081207567641537,0.2153059010060238,0.2202444374581698,0.3010116653113929,0.44198557387406856,0.8081207567641537
0.2133053976380478,0.21725331356127722,0.3118107013589538,0.4457781984592973,0.8023892336243819,0.2133053976380478,0.21725331356127722,0.3118107013589538,0.4457781984592973,0.8023892336243819
0.35909898461690376,0.39505043063093964,0.47746921243325524,0.8078032306050693,0.08990783840314395,0.35909898461690376,0.39505043063093964,0.47746921243325524,0.8078032306050693,0.08990783840314395
0.34437969132162377,0.48957404750193195,0.43250252836579345,1.0627627564329518,0.0036623649156998775,0.34437969132162377,0.48957404750193195,0.43250252836579345,1.0627627564329518,0.0036623649156998775
0.36923345021222315,0.32976254709582487,0.5200309772972043,0.8071797732570751,0.01026724485719926,0.36923345021222315,0.32976254709582487,0.5200309772972043,0.8071797732570751,0.01026724485719926
0.2658301610453591,0.44468485225001153,0.5396273613238664,1.2511009834395737,0.0,0.2658301610453591,0.44468485225001153,0.5396273613238664,1.2511009834395737,0.0
0.29102548170677167,0.40862153567807186,0.3803037478566407,0.8838963332988572,0.6580083560205517,0.29102548170677167,0.40862153567807186,0.3803037478566407,0.8838963332988572,0.6580083560205517
0.3273360738101467,0.2854284580397007,0.4992961426016073,0.731753461481499,0.48854217595235816,0.3273360738101467,0.2854284580397007,0.4992961426016073,0.731753461481499,0.48854217595235816
0.20918634200663863,0.21811243533211278,0.2899011914481647,0.4369701721965236,0.8310742781141851,0.20918634200663863,0.21811243533211278,0.2899011914481647,0.4369701721965236,0.8310742781141851
0.41102120264037517,0.35601278698149785,0.45818725221088247,0.8526258817144858,0.21145300956627713,0.41102120264037517,0.35601278698149785,0.45818725221088247,0.8526258817144858,0.21145300956627713
0.3829370645619885,0.37156633428287206,0.48044405458043443,0.8073285195074514,0.023473796841547812,0.3829370645619885,0.37156633428287206,0.48044405458043443,0.8073285195074514,0.023473796841547812
0.3416646213214287,0.40300092840196433,0.4721239951788323,0.8455802064243714,0.22634535840157846,0.3416646213214287,0.40300092840196433,0.4721239951788323,0.8455802064243714,0.22634535840157846
0.245237164009861,0.21145569418379417,0.3753249493970355,0.5758351142724194,0.802367805462821,0.245237164009861,0.21145569418379417,0.3753249493970355,0.5758351142724194,0.802367805462821
0.3839734886132267,0.3318161723730527,0.5111254287381181,0.8383442567480216,0.05292102288307013,0.3839734886132267,0.3318161723730527,0.5111254287381181,0.8383442567480216,0.05292102288307013
0.19505711145534999,0.19656633180733812,0.2767179540658275,0.4007716399517425,0.8465590720758509,0.19505711145534999,0.19656633180733812,0.2767179540658275,0.4007716399517425,0.8465590720758509
0.1405522787927268,0.1436784613855082,0.205568628819401,0.2941340387820976,0.9276379525191216,0.1405522787927268,0.1436784613855082,0.205568628819401,0.2941340387820976,0.9276379525191216
0.212028097097045,0.2095860206950406,0.2945154271794628,0.424106967474895,0.8147663818488226,0.212028097097045,0.2095860206950406,0.2945154271794628,0.424106967474895,0.8147663818488226
0.3416480515485575,0.35271077054461714,0.47529551585384744,0.7076016519603079,0.27983837903632736,0.3416480515485575,0.35271077054461714,0.47529551585384744,0.7076016519603079,0.27983837903632736
0.32278618559713984,0.43790742162985646,0.417430659788049,0.9310920751609332,0.44014791893326394,0.32278618559713984,0.43790742162985646,0.417430659788049,0.9310920751609332,0.44014791893326394
0.30531710687258434,0.2543279819595361,0.5398233435035865,0.9229193673292413,0.5159414316403377,0.30531710687258434,0.2543279819595361,0.5398233435035865,0.9229193673292413,0.5159414316403377
0.3947491610382706,0.28191500437297856,0.4770889225116785,0.966272587512497,0.49832213201055076,0.3947491610382706,0.28191500437297856,0.4770889225116785,0.966272587512497,0.49832213201055076
0.37540221400220886,0.292534604730313,0.538540444693311,0.9683686726757262,0.24291666181531252,0.37540221400220886,0.292534604730313,0.538540444693311,0.9683686726757262,0.24291666181531252
0.4270085214043253,0.3002783624851044,0.3588910830554336,0.9190801322174367,0.6741246620777527,0.4270085214043253,0.3002783624851044,0.3588910830554336,0.9190801322174367,0.6741246620777527
0.19354271054288918,0.22283114834512116,0.5880264794082263,1.3083502096243644,0.8401258108085953,0.19354271054288918,0.22283114834512116,0.5880264794082263,1.3083502096243644,0.8401258108085953
0.2685972806910614,0.3072598455547195,0.4653799444481078,0.7081897493643282,0.5577285858317951,0.2685972806910614,0.3072598455547195,0.4653799444481078,0.7081897493643282,0.5577285858317951
0.26014957914742276,0.2249856676371566,0.5719770909754158,1.1394778796456027,0.6732636553447295,0.26014957914742276,0.2249856676371566,0.5719770909754158,1.1394778796456027,0.6732636553447295
0.28356423651783325,0.38816086139774625,0.555049171109387,1.0147512279015027,0.06531322427597687,0.28356423651783325,0.38816086139774625,0.555049171109387,1.0147512279015027,0.06531322427597687
0.21879217900808054,0.25160080561454407,0.3798752373076312,0.578695964026101,0.7856145479207431,0.21879217900808054,0.25160080561454407,0.3798752373076312,0.578695964026101,0.7856145479207431
1.839538983065531e-17,2.202034200207964e-17,3.375547288123591e-17,5.303273098771701e-17,1.1285333465896608,1.839538983065531e-17,2.202034200207964e-17,3.375547288123591e-17,5.303273098771701e-17,1.1285333465896608
0.20927735154197646,0.21781293469574659,0.29022537850888985,0.435267821483396,0.8294968545532628,0.20927735154197646,0.21781293469574659,0.29022537850888985,0.435267821483396,0.8294968545532628
0.42939428512542555,0.27872055178709887,0.34707230274108847,0.9651120269213433,0.764992865936668,0.42939428512542555,0.27872055178709887,0.34707230274108847,0.9651120269213433,0.764992865936668
0.32698325100635467,0.28679503805201373,0.49705310355177584,0.7272219150800096,0.48645604208708376,0.32698325100635467,0.28679503805201373,0.49705310355177584,0.7272219150800096,0.48645604208708376
0.3958851468412336,0.37606224109606484,0.46315956908593503,0.8471282752558918,0.21855733654916124,0.3958851468412336,0.37606224109606484,0.46315956908593503,0.8471282752558918,0.21855733654916124
0.1862260726279661,0.17827274864864365,0.2596845936833287,0.3800415462086625,0.8857241373534369,0.1862260726279661,0.17827274864864365,0.2596845936833287,0.3800415462086625,0.8857241373534369
0.40004015686962985,0.29460811146013505,0.48668788597570545,0.9672773143726572,0.4343696290516964,0.40004015686962985,0.29460811146013505,0.48668788597570545,0.9672773143726572,0.4343696290516964
0.3369272680537268,0.46899187997632724,0.4141103750173343,1.0045412518233567,0.33747546139991186,0.3369272680537268,0.46899187997632724,0.4141103750173343,1.0045412518233567,0.33747546139991186
0.21217946390408962,0.21728283983297692,0.3132287686251667,0.4494771200059383,0.806232143087487,0.21217946390408962,0.21728283983297692,0.3132287686251667,0.4494771200059383,0.806232143087487
0.30188229803897515,0.3710870568437146,0.3731843274802219,0.7923483591122863,0.6697475925848239,0.30188229803897515,0.3710870568437146,0.3731843274802219,0.7923483591122863,0.6697475925848239
0.21352222729505593,0.20565755501230015,0.2955377100984632,0.434634400672399,0.8279337651382163,0.21352222729505593,0.20565755501230015,0.2955377100984632,0.434634400672399,0.8279337651382163
0.30644283885300994,0.4006850456632883,0.532945143128412,0.9940782000322307,0.019459617797524496,0.30644283885300994,0.4006850456632883,0.532945143128412,0.9940782000322307,0.019459617797524496
0.1896054812502443,0.30847091663024634,0.6412994857835614,1.3185647616995968,0.3106675128475351,0.1896054812502443,0.30847091663024634,0.6412994857835614,1.3185647616995968,0.3106675128475351
0.2811003096000417,0.35512931363010325,0.5668961519746851,0.9219935250301717,0.10464842079948487,0.2811003096000417,0.35512931363010325,0.5668961519746851,0.9219935250301717,0.10464842079948487
0.2559404416993272,0.25373689360213714,0.4944624193384836,0.8394595227203347,0.6898408950505679,0.2559404416993272,0.25373689360213714,0.4944624193384836,0.8394595227203347,0.6898408950505679
0.43274197810877196,0.2729988495752192,0.5200050250095967,1.1549640350958643,0.2858487300227783,0.43274197810877196,0.2729988495752192,0.5200050250095967,1.1549640350958643,0.2858487300227783
0.17522143392265033,0.1819862863367545,0.2626714736772387,0.37959555650165555,0.8814961256517426,0.17522143392265033,0.1819862863367545,0.2626714736772387,0.37959555650165555,0.8814961256517426
0.2030243148010708,0.1961008212682728,0.29179249273728786,0.4204954475333039,0.8395084029648123,0.2030243148010708,0.1961008212682728,0.29179249273728786,0.4204954475333039,0.8395084029648123
0.3554732155302437,0.3492612177991477,0.5022716182428923,0.7210026101854037,0.06335353961825556,0.3554732155302437,0.3492612177991477,0.5022716182428923,0.7210026101854037,0.06335353961825556
0.23450389656455317,0.44647466527693824,0.48507700939653875,1.3378494573059891,0.6150732824849775,0.23450389656455317,0.44647466527693824,0.48507700939653875,1.3378494573059891,0.6150732824849775
0.2203818221078622,0.2139901084717359,0.31626796499371423,0.45451056626297714,0.7993243502833316,0.2203818221078622,0.2139901084717359,0.31626796499371423,0.45451056626297714,0.7993243502833316
0.22697430660915693,0.2384026003974468,0.3315205584133765,0.4929715062877241,0.7815212850183252,0.22697430660915693,0.2384026003974468,0.3315205584133765,0.4929715062877241,0.7815212850183252
0.24034111048747867,0.39556012745918473,0.48378296101668206,1.1006415127242208,0.639978927714104,0.24034111048747867,0.39556012745918473,0.48378296101668206,1.1006415127242208,0.639978927714104
0.2501263402204832,0.23394148133243542,0.3657551776683058,0.5356129974452924,0.7435848897028317,0.2501263402204832,0.23394148133243542,0.3657551776683058,0.5356129974452924,0.7435848897028317
0.3925456058956261,0.37439414286125405,0.46614962243398034,0.8330454922697746,0.21634620204535265,0.3925456058956261,0.37439414286125405,0.46614962243398034,0.8330454922697746,0.21634620204535265
0.39669526683935247,0.3563482265422147,0.35925145246452944,0.954379174622559,0.6563049389215705,0.39669526683935247,0.3563482265422147,0.35925145246452944,0.954379174622559,0.6563049389215705
0.3797470580265164,0.3310970344247073,0.5131602541552571,0.8293095308705482,0.06293688806134748,0.3797470580265164,0.3310970344247073,0.5131602541552571,0.8293095308705482,0.06293688806134748
0.16163844445544426,0.15745659278007587,0.22992235083155868,0.33070886515716436,0.9063073901115277,0.16163844445544426,0.15745659278007587,0.22992235083155868,0.33070886515716436,0.9063073901115277
0.40713753124600083,0.20211212168085038,0.5045097696705639,1.3647313827610883,0.762667530591885,0.40713753124600083,0.20211212168085038,0.5045097696705639,1.3647313827610883,0.762667530591885
0.3200580069656292,0.3353583772603514,0.43771574113976963,0.673597871417868,0.469648651719863,0.3200580069656292,0.3353583772603514,0.43771574113976963,0.673597871417868,0.469648651719863
0.20936997154715584,0.2194395872833316,0.3183465085449709,0.4623049069395194,0.8123888368278827,0.20936997154715584,0.2194395872833316,0.3183465085449709,0.4623049069395194,0.8123888368278827
0.20518847080152433,0.20053443658985518,0.28147640840412647,0.4114791273013627,0.8364966332218613,0.20518847080152433,0.20053443658985518,0.28147640840412647,0.4114791273013627,0.8364966332218613
0.2645631387852249,0.24470539066266983,0.48484102217751346,0.8224200503068145,0.7039456171751931,0.2645631387852249,0.24470539066266983,0.48484102217751346,0.8224200503068145,0.7039456171751931
0.31706709999096433,0.38080147987336177,0.5141807311017136,0.8729236320027308,0.2023660871341301,0.31706709999096433,0.38080147987336177,0.5141807311017136,0.8729236320027308,0.2023660871341301
0.46366527814929037,0.33557198489181644,0.4132177317434793,0.9913654712871942,0.3610587535872151,0.46366527814929037,0.33557198489181644,0.4132177317434793,0.9913654712871942,0.3610587535872151
0.20267092199538214,0.19709712963656734,0.290811835908033,0.41720760622506237,0.8357190036303527,0.20267092199538214,0.19709712963656734,0.290811835908033,0.41720760622506237,0.8357190036303527
0.2513811191801384,0.29773655861373466,0.45888375103513773,0.7135018094302743,0.6199541744929106,0.2513811191801384,0.29773655861373466,0.45888375103513773,0.7135018094302743,0.6199541744929106
0.323667768358136,0.389865752954365,0.49658828610381084,0.8538238736753193,0.22908969385543043,0.323667768358136,0.389865752954365,0.49658828610381084,0.8538238736753193,0.22908969385543043
0.1978487985517663,0.20591300417679775,0.2754482383893378,0.413479939428108,0.852313238776218,0.1978487985517663,0.20591300417679775,0.2754482383893378,0.413479939428108,0.852313238776218
0.3645548587022219,0.2845007423683358,0.5499959662597224,0.9664689301284374,0.24259336831084435,0.3645548587022219,0.2845007423683358,0.5499959662597224,0.9664689301284374,0.24259336831084435
0.33793237455638286,0.5214245879079469,0.4072992691189977,1.15468139889625,0.04233304463794555,0.33793237455638286,0.5214245879079469,0.4072992691189977,1.15468139889625,0.04233304463794555
0.32614837851784545,0.19023241474124916,0.6473382618179245,1.28482854608147,0.005341125948054171,0.32614837851784545,0.19023241474124916,0.6473382618179245,1.28482854608147,0.005341125948054171
0.29324168884332025,0.44337590408916083,0.5193814474112938,1.1250583901909257,0.0,0.29324168884332025,0.44337590408916083,0.5193814474112938,1.1250583901909257,0.0
0.3294327730021583,0.2961654008685152,0.4377944495286025,0.6946195528772156,0.5344548144865596,0.3294327730021583,0.2961654008685152,0.4377944495286025,0.6946195528772156,0.5344548144865596
0.19722719042396789,0.19998696689667622,0.27767805202078993,0.40054737254535694,0.8376576216956131,0.19722719042396789,0.19998696689667622,0.27767805202078993,0.40054737254535694,0.8376576216956131
0.18628495704259834,0.17882448645835264,0.2599794897127853,0.37956156006135916,0.883125621843159,0.18628495704259834,0.17882448645835264,0.2599794897127853,0.37956156006135916,0.883125621843159
0.1765312505732013,0.18225601299339508,0.26179702934913396,0.37652945603347354,0.8761988057971987,0.1765312505732013,0.18225601299339508,0.26179702934913396,0.37652945603347354,0.8761988057971987
0.268384575709026,0.1710040220559084,0.5915244434333506,1.2475175055510244,0.7242812475877584,0.268384575709026,0.1710040220559084,0.5915244434333506,1.2475175055510244,0.7242812475877584
0.2613277843967517,0.2976583153500398,0.4591786672495612,0.704403124972026,0.5982348554302576,0.2613277843967517,0.2976583153500398,0.4591786672495612,0.704403124972026,0.5982348554302576
0.29913845346369905,0.2848457024346749,0.49380909629267317,0.7731132281846627,0.5168915679267407,0.29913845346369905,0.2848457024346749,0.49380909629267317,0.7731132281846627,0.5168915679267407
0.2285772828039695,0.23433718322308048,0.3322687072664106,0.48036542682108835,0.7704600671778163,0.2285772828039695,0.23433718322308048,0.3322687072664106,0.48036542682108835,0.7704600671778163
0.2362667333399173,0.3467652347681893,0.6062509103736323,1.092438268320829,0.11755360608166078,0.2362667333399173,0.3467652347681893,0.6062509103736323,1.092438268320829,0.11755360608166078
0.21350457809577128,0.20507736555781142,0.30855695672865,0.4457859200373637,0.8208507338610072,0.21350457809577128,0.20507736555781142,0.30855695672865,0.4457859200373637,0.8208507338610072
0.40709942019676304,0.32661502452100877,0.507977184202164,0.9116310995949265,0.0,0.40709942019676304,0.32661502452100877,0.507977184202164,0.9116310995949265,0.0
0.229367507163242,0.3144684659889394,0.5305949053058164,0.9015830753516949,0.5544863715843181,0.229367507163242,0.3144684659889394,0.5305949053058164,0.9015830753516949,0.5544863715843181
0.351073718013568,0.27719844478175887,0.5788032443980431,0.954031178485898,0.005139955661657183,0.351073718013568,0.27719844478175887,0.5788032443980431,0.954031178485898,0.005139955661657183
0.36664482956467137,0.40808920473925514,0.32958158858599546,1.0652940385743477,0.7505234794125138,0.36664482956467137,0.40808920473925514,0.32958158858599546,1.0652940385743477,0.7505234794125138
1.6942725801167025e-17,2.3750929713034324e-17,3.4619968930656575e-17,6.61706836935174e-17,1.3093809089394737,1.6942725801167025e-17,2.3750929713034324e-17,3.4619968930656575e-17,6.61706836935174e-17,1.3093809089394737
0.35329594522963936,0.4609022681907558,0.44770363579991596,0.9902348934181652,0.008600568354577776,0.35329594522963936,0.4609022681907558,0.44770363579991596,0.9902348934181652,0.008600568354577776
0.4012653261293288,0.2703966963173106,0.47233762650151234,1.0065698665445293,0.5476411709729095,0.4012653261293288,0.2703966963173106,0.47233762650151234,1.0065698665445293,0.5476411709729095
0.560243735620436,0.33610649665494846,0.34915876102531396,1.4490276524809547,0.3372941009679104,0.560243735620436,0.33610649665494846,0.34915876102531396,1.4490276524809547,0.3372941009679104
0.25041479482425993,0.37874559970896104,0.48561397203955303,1.0223934017181473,0.6101628316070207,0.25041479482425993,0.37874559970896104,0.48561397203955303,1.0223934017181473,0.6101628316070207
0.3375705220266703,0.3473289659901834,0.5197291038641196,0.7652363507273018,0.12205848806656808,0.3375705220266703,0.3473289659901834,0.5197291038641196,0.7652363507273018,0.12205848806656808
0.25802109892781433,0.25788969742080436,0.49242652149462646,0.8318731149178736,0.6803265476399158,0.25802109892781433,0.25788969742080436,0.49242652149462646,0.8318731149178736,0.6803265476399158
0.398192014714834,0.4222577812492282,0.4287224582231741,0.9674941451773144,0.2593442972475281,0.398192014714834,0.4222577812492282,0.4287224582231741,0.9674941451773144,0.2593442972475281
0.27625628203131436,0.2617654230094516,0.4713805776390747,0.7545019735248278,0.641702729245741,0.27625628203131436,0.2617654230094516,0.4713805776390747,0.7545019735248278,0.641702729245741
2.160364220879314e-17,2.1578662132000235e-17,3.0773469781696885e-17,4.374274646645665e-17,1.0057697311294638,2.160364220879314e-17,2.1578662132000235e-17,3.0773469781696885e-17,4.374274646645665e-17,1.0057697311294638
0.27126540581844477,0.4868066560828091,0.5278945600944979,1.475962250529812,0.0,0.27126540581844477,0.4868066560828091,0.5278945600944979,1.475962250529812,0.0
0.3239927532959529,0.3712442383172852,0.5243776383822452,0.824366483287043,0.02731259306944171,0.3239927532959529,0.3712442383172852,0.5243776383822452,0.824366483287043,0.02731259306944171
0.28450972393308815,0.3175900428470571,0.42221252954422134,0.6695882383632169,0.589484926335994,0.28450972393308815,0.3175900428470571,0.42221252954422134,0.6695882383632169,0.589484926335994
0.3825450347765655,0.33290042294833505,0.5106127396232222,0.8316659587727482,0.05265934917763644,0.3825450347765655,0.33290042294833505,0.5106127396232222,0.8316659587727482,0.05265934917763644
0.23833987679846,0.3172321164383047,0.5282151307208737,0.8923033091921294,0.5350692566265557,0.23833987679846,0.3172321164383047,0.5282151307208737,0.8923033091921294,0.5350692566265557
0.18488695216825565,0.29213666170045255,0.5750436992148675,1.113112999098825,0.6449124333071535,0.18488695216825565,0.29213666170045255,0.5750436992148675,1.113112999098825,0.6449124333071535
0.5201814540651524,0.33230600091729734,0.38812466926250105,1.159620947353105,0.28534570851726443,0.5201814540651524,0.33230600091729734,0.38812466926250105,1.159620947353105,0.28534570851726443
0.33133807344901123,0.30615131087557385,0.46341294032607827,0.6999398742104223,0.4477752011431361,0.33133807344901123,0.30615131087557385,0.46341294032607827,0.6999398742104223,0.4477752011431361
0.14315692198140104,0.14687747519080707,0.19988081057210919,0.2939027074832889,0.9303299450000855,0.14315692198140104,0.14687747519080707,0.19988081057210919,0.2939027074832889,0.9303299450000855
0.18449097497795108,0.17639577786540847,0.24265472957173972,0.3704642289441089,0.8979833473321247,0.18449097497795108,0.17639577786540847,0.24265472957173972,0.3704642289441089,0.8979833473321247
0.2169305688414816,0.21972431560665068,0.3091127382014,0.45189906651839234,0.8080748003604687,0.2169305688414816,0.21972431560665068,0.3091127382014,0.45189906651839234,0.8080748003604687
0.33446636054726375,0.4842823991551338,0.40412051667861026,1.0551240294331639,0.3465834366531971,0.33446636054726375,0.4842823991551338,0.40412051667861026,1.0551240294331639,0.3465834366531971
0.3832236767174948,0.25729355566416257,0.450638678724274,0.9582962423127408,0.6558350996855815,0.3832236767174948,0.25729355566416257,0.450638678724274,0.9582962423127408,0.6558350996855815
0.2165371806992839,0.3695272723411811,0.573062348200984,1.217252564403536,0.45240324195645254,0.2165371806992839,0.3695272723411811,0.573062348200984,1.217252564403536,0.45240324195645254
0.17576414545633065,0.18204638560693023,0.26192624676595444,0.37738412752342987,0.8785424821561136,0.17576414545633065,0.18204638560693023,0.26192624676595444,0.37738412752342987,0.8785424821561136
0.4007452408658483,0.2735372621914829,0.5645536052303218,1.1453676022850547,0.00571009062029566,0.4007452408658483,0.2735372621914829,0.5645536052303218,1.1453676022850547,0.00571009062029566
0.3532529344938629,0.22285919558423697,0.616803914116693,1.3309523944255521,0.21321459360139028,0.3532529344938629,0.22285919558423697,0.616803914116693,1.3309523944255521,0.21321459360139028
0.3423845539627644,0.32196467811484125,0.382034009069447,0.7537786624652981,0.6413455094248586,0.3423845539627644,0.32196467811484125,0.382034009069447,0.7537786624652981,0.6413455094248586
0.20133992250599367,0.2093578746322735,0.3017467881645979,0.43481871026617075,0.8289950289705622,0.20133992250599367,0.2093578746322735,0.3017467881645979,0.43481871026617075,0.8289950289705622
0.2561898623871527,0.19581827617086528,0.5352835201373576,1.0381629628254725,0.7964823124442074,0.2561898623871527,0.19581827617086528,0.5352835201373576,1.0381629628254725,0.7964823124442074
0.4236927284972483,0.32704462278539903,0.41089920874673724,0.8782707786195755,0.46074883495833185,0.4236927284972483,0.32704462278539903,0.41089920874673724,0.8782707786195755,0.46074883495833185
0.36179705049439875,0.2967602803579187,0.38455493844755795,0.7485923850750177,0.6374028862044296,0.36179705049439875,0.2967602803579187,0.38455493844755795,0.7485923850750177,0.6374028862044296
0.20988419954464144,0.21813361335846052,0.2909822106623843,0.43727006620268666,0.8284843082181212,0.20988419954464144,0.21813361335846052,0.2909822106623843,0.43727006620268666,0.8284843082181212
0.29486082610304765,0.40678773464773416,0.35694911533708784,0.881002117004651,0.7067220819674553,0.29486082610304765,0.40678773464773416,0.35694911533708784,0.881002117004651,0.7067220819674553
0.41494326897084766,0.2786245986820257,0.5531934484347962,1.2018261435519477,0.025884024840754118,0.41494326897084766,0.2786245986820257,0.5531934484347962,1.2018261435519477,0.025884024840754118
0.3086104562283538,0.2980986517433213,0.4151095605862681,0.6180056685138678,0.554344294457168,0.3086104562283538,0.2980986517433213,0.4151095605862681,0.6180056685138678,0.554344294457168
0.34433911187441696,0.2632698444893835,0.4272709556909096,0.7959236588836748,0.6661481721532302,0.34433911187441696,0.2632698444893835,0.4272709556909096,0.7959236588836748,0.6661481721532302
0.19076282101594183,0.18415249229541095,0.27308272197849043,0.394338674790976,0.8638528220729987,0.19076282101594183,0.18415249229541095,0.27308272197849043,0.394338674790976,0.8638528220729987
0.225430948091425,0.22041120377976114,0.30848752009420705,0.4519644924756598,0.7955443847458856,0.225430948091425,0.22041120377976114,0.30848752009420705,0.4519644924756598,0.7955443847458856
0.27019861997265676,0.3320718536691831,0.42095375104820004,0.7403630681171068,0.6482836417068993,0.27019861997265676,0.3320718536691831,0.42095375104820004,0.7403630681171068,0.6482836417068993
0.29354079596254534,0.2619432267667875,0.6378489874919697,1.2669546495861128,0.007047825716230455,0.29354079596254534,0.2619432267667875,0.6378489874919697,1.2669546495861128,0.007047825716230455
0.2182023441237056,0.20881738264098734,0.31479090193416503,0.45661770848241323,0.8136012070639119,0.2182023441237056,0.20881738264098734,0.31479090193416503,0.45661770848241323,0.8136012070639119
0.392019545935625,0.23000055253278323,0.4932561823037768,1.1412959389521704,0.6623276096129449,0.392019545935625,0.23000055253278323,0.4932561823037768,1.1412959389521704,0.6623276096129449
0.2867958666663472,0.41016737868370345,0.5340962071735393,1.0455486410192787,0.1665755523613508,0.2867958666663472,0.41016737868370345,0.5340962071735393,1.0455486410192787,0.1665755523613508
0.35061687124117963,0.27654004531978815,0.5661669717188722,0.9142316475832799,0.16528995945989056,0.35061687124117963,0.27654004531978815,0.5661669717188722,0.9142316475832799,0.16528995945989056
0.3798813197362503,0.3103122218619525,0.437322385826972,0.8041352239777103,0.486162483088928,0.3798813197362503,0.3103122218619525,0.437322385826972,0.8041352239777103,0.486162483088928
0.28816472404130733,0.3493087578542095,0.5717882344086122,0.9275623968356027,0.005044992595273982,0.28816472404130733,0.3493087578542095,0.5717882344086122,0.9275623968356027,0.005044992595273982
0.3315968344205083,0.48725395989733133,0.44702178681110927,1.086834605101303,0.0005487411857048507,0.3315968344205083,0.48725395989733133,0.44702178681110927,1.086834605101303,0.0005487411857048507
0.18198397130312882,0.18367713243838166,0.2586380240220528,0.3782998302539364,0.876146851204982,0.18198397130312882,0.18367713243838166,0.2586380240220528,0.3782998302539364,0.876146851204982
0.39055331743319105,0.29845736029618947,0.5409815634679656,0.9576430917699081,0.005150737258992272,0.39055331743319105,0.29845736029618947,0.5409815634679656,0.9576430917699081,0.005150737258992272
0.43882599935228567,0.2888300128299937,0.5100027968856632,1.0980105312592545,0.2835828658195759,0.43882599935228567,0.2888300128299937,0.5100027968856632,1.0980105312592545,0.2835828658195759
0.29091092037947125,0.35569752414552847,0.5276378146438468,0.8555000424580258,0.3018686520419265,0.29091092037947125,0.35569752414552847,0.5276378146438468,0.8555000424580258,0.3018686520419265
0.32464481638502596,0.39651154725688165,0.5058438319192684,0.8964334458989999,0.15776479742169267,0.32464481638502596,0.39651154725688165,0.5058438319192684,0.8964334458989999,0.15776479742169267
0.3595972579541097,0.4255936695028303,0.4637736268344615,0.8828269183072395,0.017292747724920017,0.3595972579541097,0.4255936695028303,0.4637736268344615,0.8828269183072395,0.017292747724920017
0.3948558955335077,0.37770474540314314,0.47079921590708246,0.8411679374283627,0.00011395966787144712,0.3948558955335077,0.37770474540314314,0.47079921590708246,0.8411679374283627,0.00011395966787144712
0.3461009278110162,0.26768853986141794,0.43150160271597243,0.7964182474380644,0.6458197020906324,0.3461009278110162,0.26768853986141794,0.43150160271597243,0.7964182474380644,0.6458197020906324
0.22051708365560035,0.21573841167663227,0.3151365035247597,0.4507591732619137,0.7942426893491672,0.22051708365560035,0.21573841167663227,0.3151365035247597,0.4507591732619137,0.7942426893491672
0.317980665956805,0.2636065898205673,0.41275845307460407,0.722836375987777,0.6874163080184305,0.317980665956805,0.2636065898205673,0.41275845307460407,0.722836375987777,0.6874163080184305
0.28913813336583577,0.22418998270706778,0.5736118891088168,1.088702636499954,0.5806936881151141,0.28913813336583577,0.22418998270706778,0.5736118891088168,1.088702636499954,0.5806936881151141
0.46975993720658116,0.3856214788236694,0.42066596978259513,1.076490620832415,0.04141248008878548,0.46975993720658116,0.3856214788236694,0.42066596978259513,1.076490620832415,0.04141248008878548
0.2808012974300831,0.2644096684929574,0.48967319478132104,0.7963062969109789,0.6135582647061882,0.2808012974300831,0.2644096684929574,0.48967319478132104,0.7963062969109789,0.6135582647061882
0.4871333712621711,0.3316354050630587,0.4470805183333275,1.0863874595276568,0.0002550442499455316,0.4871333712621711,0.3316354050630587,0.4470805183333275,1.0863874595276568,0.0002550442499455316
0.1343278172649705,0.1322071792393162,0.1847138897368226,0.2698122635086153,0.9414957586897903,0.1343278172649705,0.1322071792393162,0.1847138897368226,0.2698122635086153,0.9414957586897903
0.29266768496891854,0.30447561512204313,0.4202851479575338,0.6229772275193177,0.5624413770766353,0.29266768496891854,0.30447561512204313,0.4202851479575338,0.6229772275193177,0.5624413770766353
0.25137324304778375,0.4309515857965713,0.48273131576483524,1.1897099350604912,0.5611552911463509,0.25137324304778375,0.4309515857965713,0.48273131576483524,1.1897099350604912,0.5611552911463509
0.28050043649407097,0.2890072162220516,0.4539600993263814,0.6881047384595053,0.5823355852429686,0.28050043649407097,0.2890072162220516,0.4539600993263814,0.6881047384595053,0.5823355852429686
0.19214166624245058,0.19535896421970317,0.2784275750945621,0.39737562475219107,0.8435627731714318,0.19214166624245058,0.19535896421970317,0.2784275750945621,0.39737562475219107,0.8435627731714318
0.2869912215801845,0.39646486196280895,0.38346168905401895,0.9033900449524206,0.7058527212248429,0.2869912215801845,0.39646486196280895,0.38346168905401895,0.9033900449524206,0.7058527212248429
0.29428595918038947,0.2708610257028267,0.43612200351558766,0.6504867549227135,0.5991081993394517,0.29428595918038947,0.2708610257028267,0.43612200351558766,0.6504867549227135,0.5991081993394517
0.2405401894218763,0.345467532463792,0.6082670878656262,1.0893699050069114,0.002798718874676937,0.2405401894218763,0.345467532463792,0.6082670878656262,1.0893699050069114,0.002798718874676937
0.3117712636813337,0.18267339131294713,0.6608105089603412,1.3774084428815132,0.0,0.3117712636813337,0.18267339131294713,0.6608105089603412,1.3774084428815132,0.0
0.20804715699059792,0.2171092551939255,0.2916995801714008,0.43746738380957806,0.8317192681281207,0.20804715699059792,0.2171092551939255,0.2916995801714008,0.43746738380957806,0.8317192681281207
0.33453446385091146,0.36577718645751034,0.5158017304680245,0.7820954494422898,0.023513761312727855,0.33453446385091146,0.36577718645751034,0.5158017304680245,0.7820954494422898,0.023513761312727855
0.21786446213433525,0.21095506695187435,0.3126152460316372,0.4503705255684257,0.807168790409516,0.21786446213433525,0.21095506695187435,0.3126152460316372,0.4503705255684257,0.807168790409516
0.30666713458314765,0.29802673731223445,0.41611733848433835,0.6139263414606018,0.551815641092989,0.30666713458314765,0.29802673731223445,0.41611733848433835,0.6139263414606018,0.551815641092989
0.35772967729473526,0.32138109955867755,0.5319514783516526,0.8002486180488316,0.031103483771278247,0.35772967729473526,0.32138109955867755,0.5319514783516526,0.8002486180488316,0.031103483771278247
2.060383230310947e-17,2.1770676833586752e-17,3.169931728554504e-17,4.6166931168760557e-17,1.0373503127195072,2.060383230310947e-17,2.1770676833586752e-17,3.169931728554504e-17,4.6166931168760557e-17,1.0373503127195072
0.29585705594592837,0.38765022116155057,0.4735974074127361,0.9604466595571008,0.497272868538566,0.29585705594592837,0.38765022116155057,0.4735974074127361,0.9604466595571008,0.497272868538566
0.25880317283588894,0.16466564557107535,0.567648479736291,1.193204868719632,0.8204159532057227,0.25880317283588894,0.16466564557107535,0.567648479736291,1.193204868719632,0.8204159532057227
0.5204117258698556,0.30332764121542105,0.447089163675972,1.285400215085187,0.0005379516575266467,0.5204117258698556,0.30332764121542105,0.447089163675972,1.285400215085187,0.0005379516575266467
0.19124554381157058,0.19550301814896592,0.28142762796968407,0.40243702118296054,0.8504118566803264,0.19124554381157058,0.19550301814896592,0.28142762796968407,0.40243702118296054,0.8504118566803264
0.33952932131533625,0.3272945955347683,0.5451486214959903,0.8362737429309278,0.01643250186537133,0.33952932131533625,0.3272945955347683,0.5451486214959903,0.8362737429309278,0.01643250186537133
0.40695322271883505,0.3267011404692621,0.5079569708140673,0.9109836685217637,0.0,0.40695322271883505,0.3267011404692621,0.5079569708140673,0.9109836685217637,0.0
0.3601775076867912,0.40007551784823275,0.4728716882001927,0.8155477655153909,0.09420616021898912,0.3601775076867912,0.40007551784823275,0.4728716882001927,0.8155477655153909,0.09420616021898912
0.21725047686489762,0.21008690397909657,0.3113856214513321,0.44871047826488586,0.8089828767875077,0.21725047686489762,0.21008690397909657,0.3113856214513321,0.44871047826488586,0.8089828767875077
0.3353404921089345,0.31162035445655006,0.38962449319065906,0.709832007665542,0.6201992907534274,0.3353404921089345,0.31162035445655006,0.38962449319065906,0.709832007665542,0.6201992907534274
0.3939740367388361,0.2774139186074884,0.5577340172723106,1.0467292458852568,0.002275936509646383,0.3939740367388361,0.2774139186074884,0.5577340172723106,1.0467292458852568,0.002275936509646383
0.27574609694173324,0.389639003033399,0.4725195231964458,0.9521189160497765,0.5303206145281749,0.27574609694173324,0.389639003033399,0.4725195231964458,0.9521189160497765,0.5303206145281749
0.23297911572298188,0.33064969418347495,0.602596320457018,1.0818415557651733,0.26384341307371056,0.23297911572298188,0.33064969418347495,0.602596320457018,1.0818415557651733,0.26384341307371056
0.32312964462482696,0.2062379040667925,0.6423218419266171,1.253371889967568,0.014167820519388538,0.32312964462482696,0.2062379040667925,0.6423218419266171,1.253371889967568,0.014167820519388538
0.2142401469117899,0.2515636882843028,0.3882432883184347,0.5989773349063039,0.788642202751432,0.2142401469117899,0.2515636882843028,0.3882432883184347,0.5989773349063039,0.788642202751432
0.32432117256911225,0.3708038297850482,0.5231599344623283,0.8214461962057872,0.057528802873811895,0.32432117256911225,0.3708038297850482,0.5231599344623283,0.8214461962057872,0.057528802873811895
0.2828725186312534,0.3897765100496375,0.5553412136084309,1.0158135273058746,0.027816729066130603,0.2828725186312534,0.3897765100496375,0.5553412136084309,1.0158135273058746,0.027816729066130603
0.36296645023286195,0.28305132907783315,0.5853858558801841,0.9347007840738271,0.025579737055557106,0.36296645023286195,0.28305132907783315,0.5853858558801841,0.9347007840738271,0.025579737055557106
0.19839232523676992,0.2077608261135703,0.2740002082093538,0.4163922116924924,0.8567542177528622,0.19839232523676992,0.2077608261135703,0.2740002082093538,0.4163922116924924,0.8567542177528622
0.31519001867370455,0.291648265758016,0.47370704928388796,0.7052442034017028,0.4809604793674772,0.31519001867370455,0.291648265758016,0.47370704928388796,0.7052442034017028,0.4809604793674772
0.3191958444445045,0.47875506570330306,0.44344506926962246,1.1004475231551425,0.2705403454260447,0.3191958444445045,0.47875506570330306,0.44344506926962246,1.1004475231551425,0.2705403454260447
0.14022998134228057,0.1437167042290743,0.20590523233859878,0.295021607083074,0.9292320215978014,0.14022998134228057,0.1437167042290743,0.20590523233859878,0.295021607083074,0.9292320215978014
0.3414750558724698,0.35643758435264644,0.47203762675911487,0.7155039555624211,0.2890631985204874,0.3414750558724698,0.35643758435264644,0.47203762675911487,0.7155039555624211,0.2890631985204874
0.4032774702623484,0.30534829711069494,0.4982225321810034,0.9429386994407735,0.29620073941848285,0.4032774702623484,0.30534829711069494,0.4982225321810034,0.9429386994407735,0.29620073941848285
0.4541188663178785,0.35491940145906414,0.44985324684962685,0.9602714488686133,0.0,0.4541188663178785,0.35491940145906414,0.44985324684962685,0.9602714488686133,0.0
0.36137410008026827,0.2975296247124279,0.3839134357625144,0.7452376156412639,0.6355603102362475,0.36137410008026827,0.2975296247124279,0.3839134357625144,0.7452376156412639,0.6355603102362475
0.3327407470430433,0.290086273482812,0.4715226950618004,0.7488536138987331,0.4898235956812073,0.3327407470430433,0.290086273482812,0.4715226950618004,0.7488536138987331,0.4898235956812073
2.1788632934128283e-17,2.09578198152136e-17,3.140139313358115e-17,4.518922494569435e-17,1.025374037105279,2.1788632934128283e-17,2.09578198152136e-17,3.140139313358115e-17,4.518922494569435e-17,1.025374037105279
0.2205448494509267,0.2160028060631157,0.314845004551785,0.4502025931842217,0.7936845580847459,0.2205448494509267,0.2160028060631157,0.314845004551785,0.4502025931842217,0.7936845580847459
0.24974749312023853,0.22954802991086837,0.3670795615052773,0.5414875263153223,0.757312477423238,0.24974749312023853,0.22954802991086837,0.3670795615052773,0.5414875263153223,0.757312477423238
0.34942493996775104,0.32998534607174745,0.4560341364644781,0.7020095817115417,0.3823169604727036,0.34942493996775104,0.32998534607174745,0.4560341364644781,0.7020095817115417,0.3823169604727036
0.24522891568154898,0.27341258114084105,0.49230852482924237,0.8227866397096212,0.6693024406167447,0.24522891568154898,0.27341258114084105,0.49230852482924237,0.8227866397096212,0.6693024406167447
0.30818304458052,0.3948742423956326,0.4944711777511931,0.901836444138505,0.309541985937713,0.30818304458052,0.3948742423956326,0.4944711777511931,0.901836444138505,0.309541985937713
0.43662590102316884,0.26769538164304035,0.4945944521340707,1.2091776134845063,0.5111636019004945,0.43662590102316884,0.26769538164304035,0.4945944521340707,1.2091776134845063,0.5111636019004945
0.33780774145279635,0.4675560811132514,0.4146465391145986,1.0008946673809591,0.33560499935807303,0.33780774145279635,0.4675560811132514,0.4146465391145986,1.0008946673809591,0.33560499935807303
0.2641478775608397,0.16406783619652476,0.5995596414622019,1.2962538636455085,0.7471838403644447,0.2641478775608397,0.16406783619652476,0.5995596414622019,1.2962538636455085,0.7471838403644447
0.29140960082889844,0.4259355541926389,0.5333655897873061,1.1302387089952521,0.027034021966090713,0.29140960082889844,0.4259355541926389,0.5333655897873061,1.1302387089952521,0.027034021966090713
0.5365459062091612,0.3544740932667085,0.38934015340328787,1.3170383354063577,0.016860827793451327,0.5365459062091612,0.3544740932667085,0.38934015340328787,1.3170383354063577,0.016860827793451327
0.36371953931361195,0.31642616769278326,0.4942496356795198,0.7950167732482689,0.3123890151950842,0.36371953931361195,0.31642616769278326,0.4942496356795198,0.7950167732482689,0.3123890151950842
0.3378251441040701,0.46312622528707886,0.41244032809682873,0.995281196110551,0.36205135591298754,0.3378251441040701,0.46312622528707886,0.41244032809682873,0.995281196110551,0.36205135591298754
0.4671756324921889,0.3838313730642551,0.4213752138484205,1.0575957148339838,0.07661536077992381,0.4671756324921889,0.3838313730642551,0.4213752138484205,1.0575957148339838,0.07661536077992381
0.15981536626086074,0.1559268838315869,0.22756510068578756,0.3275454958684466,0.9090759122282366,0.15981536626086074,0.1559268838315869,0.22756510068578756,0.3275454958684466,0.9090759122282366
0.35698091827947764,0.3479427438280911,0.4524724394538334,0.7416123906823681,0.36374925940482,0.35698091827947764,0.3479427438280911,0.4524724394538334,0.7416123906823681,0.36374925940482
0.38906453341322256,0.30185747836615384,0.48404665692756804,0.9076674294465789,0.41581496759523445,0.38906453341322256,0.30185747836615384,0.48404665692756804,0.9076674294465789,0.41581496759523445
0.44312161459639987,0.27885695804994776,0.5082366873657336,1.157913410604122,0.28638777216446054,0.44312161459639987,0.27885695804994776,0.5082366873657336,1.157913410604122,0.28638777216446054
0.24055926307292688,0.336873599744096,0.4801757101003421,0.9638494772302626,0.7010597337129906,0.24055926307292688,0.336873599744096,0.4801757101003421,0.9638494772302626,0.7010597337129906
2.143085272743856e-17,2.1311335229995828e-17,3.13628993689115e-17,4.5488812965828175e-17,1.0285204009753426,2.143085272743856e-17,2.1311335229995828e-17,3.13628993689115e-17,4.5488812965828175e-17,1.0285204009753426
0.26748407410210745,0.2872302541139824,0.478941607658301,0.7557694125833063,0.5954698439449526,0.26748407410210745,0.2872302541139824,0.478941607658301,0.7557694125833063,0.5954698439449526
0.40418574088215325,0.3568439990538716,0.47553318038230397,0.8164460241361863,0.011444027404334397,0.40418574088215325,0.3568439990538716,0.47553318038230397,0.8164460241361863,0.011444027404334397
0.20127826416880032,0.34439218290344953,0.6309254581307734,1.2839662774998604,0.13978013322446148,0.20127826416880032,0.34439218290344953,0.6309254581307734,1.2839662774998604,0.13978013322446148
0.28167978351553924,0.2701200624243765,0.45893622131028133,0.714023147372562,0.6195424636168921,0.28167978351553924,0.2701200624243765,0.45893622131028133,0.714023147372562,0.6195424636168921
0.3256470201812598,0.2552123365965155,0.5113530408295275,0.8486561065539707,0.5174642650995357,0.3256470201812598,0.2552123365965155,0.5113530408295275,0.8486561065539707,0.5174642650995357
0.317370147490669,0.3456800363063084,0.4298355293232786,0.696983571106617,0.4857060885096606,0.317370147490669,0.3456800363063084,0.4298355293232786,0.696983571106617,0.4857060885096606
0.4307050959533113,0.26956285921200296,0.5489492157907517,1.2331650960513159,0.0018340453098610102,0.4307050959533113,0.26956285921200296,0.5489492157907517,1.2331650960513159,0.0018340453098610102
0.2862108544485409,0.36194391101190815,0.5765527360019443,1.0081606152321516,0.0005073098508660914,0.2862108544485409,0.36194391101190815,0.5765527360019443,1.0081606152321516,0.0005073098508660914
0.27582847972782093,0.18338864085200568,0.5810343852013818,1.1723757824654264,0.689969845363329,0.27582847972782093,0.18338864085200568,0.5810343852013818,1.1723757824654264,0.689969845363329
0.3394927369543795,0.37751960119146905,0.50624909322819,0.7971743415660072,0.01923015760283889,0.3394927369543795,0.37751960119146905,0.50624909322819,0.7971743415660072,0.01923015760283889
0.20925057619486842,0.21772696274871578,0.2903113242050335,0.43528674893336444,0.8295169952263827,0.20925057619486842,0.21772696274871578,0.2903113242050335,0.43528674893336444,0.8295169952263827
0.3001693786338134,0.3604809316054088,0.46404862432130545,0.78635950844692,0.47536944643188483,0.3001693786338134,0.3604809316054088,0.46404862432130545,0.78635950844692,0.47536944643188483
0.3269642316294394,0.4691365992548164,0.4468523165833803,1.0474242594835184,0.24032956587485935,0.3269642316294394,0.4691365992548164,0.4468523165833803,1.0474242594835184,0.24032956587485935
0.2610426421964521,0.2800087087132902,0.49189757318016814,0.811089510243842,0.6249363914343856,0.2610426421964521,0.2800087087132902,0.49189757318016814,0.811089510243842,0.6249363914343856
0.251100948634668,0.4314757327708717,0.4827538685647182,1.1954581060916685,0.5632287668590978,0.251100948634668,0.4314757327708717,0.4827538685647182,1.1954581060916685,0.5632287668590978
0.35410225441366744,0.41754635196536255,0.46929470035587423,0.8498895790683162,0.06769603965806983,0.35410225441366744,0.41754635196536255,0.46929470035587423,0.8498895790683162,0.06769603965806983
0.34995217321646155,0.3571215506550665,0.5038866692072606,0.7305707546367289,0.0,0.34995217321646155,0.3571215506550665,0.5038866692072606,0.7305707546367289,0.0
0.39935921330983104,0.2393967671290108,0.5845359275372705,1.287586246755918,0.11888443414183812,0.39935921330983104,0.2393967671290108,0.5845359275372705,1.287586246755918,0.11888443414183812
0.3630353190896487,0.34996771550073275,0.4505534444655314,0.7641549668709228,0.3667101004542037,0.3630353190896487,0.34996771550073275,0.4505534444655314,0.7641549668709228,0.3667101004542037
0.23905917713108094,0.23275159126258946,0.3253104211979723,0.47961375642879295,0.7684780344499282,0.23905917713108094,0.23275159126258946,0.3253104211979723,0.47961375642879295,0.7684780344499282
0.1968777564878295,0.1931274640348173,0.27655409958780114,0.39814529656421577,0.8449224401500041,0.1968777564878295,0.1931274640348173,0.27655409958780114,0.39814529656421577,0.8449224401500041
0.2750371139963788,0.24229118803901245,0.5253646561048382,0.9675142499629006,0.6762218742838029,0.2750371139963788,0.24229118803901245,0.5253646561048382,0.9675142499629006,0.6762218742838029
0.346235198981856,0.30222964799461277,0.4534041281206695,0.7418312719024068,0.4874705169156479,0.346235198981856,0.30222964799461277,0.4534041281206695,0.7418312719024068,0.4874705169156479
0.18205561595662378,0.30923806320177216,0.6636961602679321,1.3928120265716915,0.039941341990869565,0.18205561595662378,0.30923806320177216,0.6636961602679321,1.3928120265716915,0.039941341990869565
0.3343664554930265,0.3187129742622675,0.5585942116203473,0.8804574859716131,0.016974065861898754,0.3343664554930265,0.3187129742622675,0.5585942116203473,0.8804574859716131,0.016974065861898754
0.2586986665984147,0.3414412474051848,0.5733161953108918,0.9721203347592514,0.27283991278765385,0.2586986665984147,0.3414412474051848,0.5733161953108918,0.9721203347592514,0.27283991278765385
0.34735767126997025,0.3671307251834104,0.4845850047599416,0.7449261680066475,0.19647439722976526,0.34735767126997025,0.3671307251834104,0.4845850047599416,0.7449261680066475,0.19647439722976526
0.2028797548629007,0.20829488189575251,0.285502924416454,0.4187360787077425,0.8331639136781053,0.2028797548629007,0.20829488189575251,0.285502924416454,0.4187360787077425,0.8331639136781053
0.2744741670802551,0.2646069590338075,0.39491435302907774,0.5693167455017496,0.6502724439076504,0.2744741670802551,0.2646069590338075,0.39491435302907774,0.5693167455017496,0.6502724439076504
0.40375427253605267,0.2947437335368072,0.37647324651142794,0.8636591505007725,0.6571692458209378,0.40375427253605267,0.2947437335368072,0.37647324651142794,0.8636591505007725,0.6571692458209378
0.28703626375650254,0.407020436979828,0.4867208119428485,0.9789104638774213,0.4380118186533249,0.28703626375650254,0.407020436979828,0.4867208119428485,0.9789104638774213,0.4380118186533249
0.2212573444277676,0.2168205479857773,0.31580012488054315,0.45145849187199805,0.7917562080006174,0.2212573444277676,0.2168205479857773,0.31580012488054315,0.45145849187199805,0.7917562080006174
0.3968168077246494,0.3564031579044662,0.35912609070242923,0.9549925246818448,0.6566063587544733,0.3968168077246494,0.3564031579044662,0.35912609070242923,0.9549925246818448,0.6566063587544733
0.265158068167525,0.36804495132081044,0.4908486299777728,0.9276742899710082,0.5246934241600684,0.265158068167525,0.36804495132081044,0.4908486299777728,0.9276742899710082,0.5246934241600684
0.3493954812123016,0.34627930816048746,0.36509426078416934,0.8504570311908972,0.6960410753546513,0.3493954812123016,0.34627930816048746,0.36509426078416934,0.8504570311908972,0.6960410753546513
0.2705832656227252,0.18570180101119046,0.475524420804158,0.8407587792918549,0.8151010462799555,0.2705832656227252,0.18570180101119046,0.475524420804158,0.8407587792918549,0.8151010462799555
0.1612622149098469,0.15797496023110985,0.22965674549273124,0.32990721472892814,0.9050104216269482,0.1612622149098469,0.15797496023110985,0.22965674549273124,0.32990721472892814,0.9050104216269482
0.2512143116638296,0.3443509083072625,0.5003537599410283,0.9371112754155756,0.5827446343330475,0.2512143116638296,0.3443509083072625,0.5003537599410283,0.9371112754155756,0.5827446343330475
0.28280161924473957,0.3090255434901565,0.4354495110322219,0.6601979895827522,0.56757727422787,0.28280161924473957,0.3090255434901565,0.4354495110322219,0.6601979895827522,0.56757727422787
0.3312747991189196,0.3560189863328074,0.5226289421496739,0.7672086499981227,0.010172201756016894,0.3312747991189196,0.3560189863328074,0.5226289421496739,0.7672086499981227,0.010172201756016894
0.3787949098999768,0.3319527184944285,0.5126557785689565,0.8243926337389597,0.06270654990248148,0.3787949098999768,0.3319527184944285,0.5126557785689565,0.8243926337389597,0.06270654990248148
0.2954234465539513,0.2705149032117857,0.444305858528775,0.6634644880813436,0.5898521690879851,0.2954234465539513,0.2705149032117857,0.444305858528775,0.6634644880813436,0.5898521690879851
0.33775313412178964,0.2764409279780442,0.4292722296118074,0.7525782606795262,0.6177480665429376,0.33775313412178964,0.2764409279780442,0.4292722296118074,0.7525782606795262,0.6177480665429376
0.24788961934052622,0.34482467327804817,0.6032152062268573,1.0575308395171739,0.01523316503316879,0.24788961934052622,0.34482467327804817,0.6032152062268573,1.0575308395171739,0.01523316503316879
0.39871330631752444,0.3179475441067104,0.5191145607260073,0.9151529960742003,0.020970582794820853,0.39871330631752444,0.3179475441067104,0.5191145607260073,0.9151529960742003,0.020970582794820853
0.28440629357714037,0.4390884507112468,0.3427019756599823,0.972658959071507,0.7429114788514893,0.28440629357714037,0.4390884507112468,0.3427019756599823,0.972658959071507,0.7429114788514893
0.47273828106784027,0.26851487237367,0.4450697622251965,1.2450370904597219,0.5476648206060257,0.47273828106784027,0.26851487237367,0.4450697622251965,1.2450370904597219,0.5476648206060257
3.7422629654907436e-17,2.2154545574570265e-17,2.4295177358081317e-17,8.018272032995704e-17,1.5416206736348692,3.7422629654907436e-17,2.2154545574570265e-17,2.4295177358081317e-17,8.018272032995704e-17,1.5416206736348692
0.19740454253922862,0.201042443413391,0.2771150669021916,0.4024717622483716,0.8399393383558235,0.19740454253922862,0.201042443413391,0.2771150669021916,0.4024717622483716,0.8399393383558235
0.40562565043411664,0.2598757675048106,0.5740759880535176,1.2400259974930605,0.005710249501278685,0.40562565043411664,0.2598757675048106,0.5740759880535176,1.2400259974930605,0.005710249501278685
0.34185688110940987,0.4079861471375689,0.47167896266496173,0.8550782425024291,0.2120892747566603,0.34185688110940987,0.4079861471375689,0.47167896266496173,0.8550782425024291,0.2120892747566603
0.39797624192636816,0.27883044112856026,0.47616265973409044,0.9687707953231781,0.500284768762085,0.39797624192636816,0.27883044112856026,0.47616265973409044,0.9687707953231781,0.500284768762085
0.28812038067311063,0.396250948711219,0.35678782040537255,0.8411914828215064,0.7125346776832633,0.28812038067311063,0.396250948711219,0.35678782040537255,0.8411914828215064,0.7125346776832633
0.3473054549913611,0.3913385977064193,0.3940429764540548,0.8692186837578103,0.5444054461540018,0.3473054549913611,0.3913385977064193,0.3940429764540548,0.8692186837578103,0.5444054461540018
0.20541140958924275,0.23503684705010688,0.5618685444481958,1.1585535862387961,0.8095539894160196,0.20541140958924275,0.23503684705010688,0.5618685444481958,1.1585535862387961,0.8095539894160196
0.3112657691679519,0.38215099849077694,0.5328130255178108,0.9055309965032186,0.07277717502921446,0.3112657691679519,0.38215099849077694,0.5328130255178108,0.9055309965032186,0.07277717502921446
0.4034660406993165,0.26820104524477395,0.47265960153184866,1.0176551947925256,0.5520308656037768,0.4034660406993165,0.26820104524477395,0.47265960153184866,1.0176551947925256,0.5520308656037768
0.30772201768018015,0.40341020407170863,0.5276760843487183,0.9872865890674988,0.07337794313629652,0.30772201768018015,0.40341020407170863,0.5276760843487183,0.9872865890674988,0.07337794313629652
0.3874006253871044,0.31877021411227124,0.35807682035691296,0.8797491721700154,0.7060721410357972,0.3874006253871044,0.31877021411227124,0.35807682035691296,0.8797491721700154,0.7060721410357972
0.2084393307040357,0.21255939717966113,0.29246071629558057,0.42573085337379235,0.8188316496701796,0.2084393307040357,0.21255939717966113,0.29246071629558057,0.42573085337379235,0.8188316496701796
0.3565627825453536,0.3917826711662468,0.48244025093314796,0.7920702123326934,0.0,0.3565627825453536,0.3917826711662468,0.48244025093314796,0.7920702123326934,0.0
1.6419532322504726e-17,2.2442550621896545e-17,3.563827195962527e-17,6.504326364714612e-17,1.293572479742175,1.6419532322504726e-17,2.2442550621896545e-17,3.563827195962527e-17,6.504326364714612e-17,1.293572479742175
0.2786987779893961,0.19967134049856153,0.5456332369937894,1.0251051967553,0.702785599541219,0.2786987779893961,0.19967134049856153,0.5456332369937894,1.0251051967553,0.702785599541219
0.19088107261983175,0.19747615505550034,0.26553506711613334,0.3950876397071518,0.8617705313776938,0.19088107261983175,0.19747615505550034,0.26553506711613334,0.3950876397071518,0.8617705313776938
0.27339746003405924,0.27127529833796576,0.46572932061222433,0.7458551682117369,0.6392600598058509,0.27339746003405924,0.27127529833796576,0.46572932061222433,0.7458551682117369,0.6392600598058509
0.20457561300489127,0.3194122022392439,0.590647762221974,1.0959900271560923,0.45495347683034826,0.20457561300489127,0.3194122022392439,0.590647762221974,1.0959900271560923,0.45495347683034826
0.3009779804400068,0.3779360615532019,0.36730528256983347,0.8149684803736365,0.6877629077427874,0.3009779804400068,0.3779360615532019,0.36730528256983347,0.8149684803736365,0.6877629077427874
0.42338630340644295,0.3295783082652421,0.47281272813440595,0.9287731631908815,0.24228413695339288,0.42338630340644295,0.3295783082652421,0.47281272813440595,0.9287731631908815,0.24228413695339288
0.16147707880452508,0.15789445188780923,0.2294959916104833,0.3292881601563496,0.9040774907454734,0.16147707880452508,0.15789445188780923,0.2294959916104833,0.3292881601563496,0.9040774907454734
0.33204204069420035,0.3177679215455879,0.4408653795098544,0.6653700138004971,0.4584131249942197,0.33204204069420035,0.3177679215455879,0.4408653795098544,0.6653700138004971,0.4584131249942197
0.288684351040628,0.4501830692805985,0.5159436471437608,1.2029831558718356,0.12979777836545278,0.288684351040628,0.4501830692805985,0.5159436471437608,1.2029831558718356,0.12979777836545278
0.32738466281232403,0.2475319928991815,0.5159446611906605,0.8713493115882718,0.5276628368267336,0.32738466281232403,0.2475319928991815,0.5159446611906605,0.8713493115882718,0.5276628368267336
0.36548101362193547,0.34407898931032876,0.5075998835616744,0.7668692253779623,0.0,0.36548101362193547,0.34407898931032876,0.5075998835616744,0.7668692253779623,0.0
0.39034997243915254,0.3254070848504228,0.5155356079987184,0.8703585644353788,0.02030433475545087,0.39034997243915254,0.3254070848504228,0.5155356079987184,0.8703585644353788,0.02030433475545087
0.35666981049357943,0.41725329061944255,0.4687487762609891,0.8470326093218634,0.0,0.35666981049357943,0.41725329061944255,0.4687487762609891,0.8470326093218634,0.0
0.29834026146205156,0.4452969828849295,0.35910970394368824,0.9589272149277654,0.6591596273394236,0.29834026146205156,0.4452969828849295,0.35910970394368824,0.9589272149277654,0.6591596273394236
0.32425613731581193,0.39698207491466353,0.5058831598084832,0.8989238869145688,0.15924963694049818,0.32425613731581193,0.39698207491466353,0.5058831598084832,0.8989238869145688,0.15924963694049818
0.4824522281451822,0.26077009101244303,0.43817955832291666,1.3080643090548194,0.5894321937323145,0.4824522281451822,0.26077009101244303,0.43817955832291666,1.3080643090548194,0.5894321937323145
0.37278894000755763,0.26852557631204305,0.4463691987115746,0.9261939775487338,0.6455273209583308,0.37278894000755763,0.26852557631204305,0.4463691987115746,0.9261939775487338,0.6455273209583308
0.3910131540309616,0.2958146457210416,0.5482149380738102,1.0066829922321392,0.006867336545031208,0.3910131540309616,0.2958146457210416,0.5482149380738102,1.0066829922321392,0.006867336545031208
0.39251532020918667,0.37645176861339197,0.47253248058441744,0.8325893737937252,0.00011323752604751986,0.39251532020918667,0.37645176861339197,0.47253248058441744,0.8325893737937252,0.00011323752604751986
0.28176072678619557,0.30265278149104763,0.4383325008959774,0.6533558414120193,0.5669040747435514,0.28176072678619557,0.30265278149104763,0.4383325008959774,0.6533558414120193,0.5669040747435514
0.2912774361552604,0.2750389829928739,0.5040278095234337,0.819648733387502,0.5525566023264434,0.2912774361552604,0.2750389829928739,0.5040278095234337,0.819648733387502,0.5525566023264434
0.22550108144348088,0.24055673876927725,0.33280903767094355,0.5028072208791546,0.789998868298998,0.22550108144348088,0.24055673876927725,0.33280903767094355,0.5028072208791546,0.789998868298998
0.2807337684097095,0.3470207540199674,0.5774884744342507,0.9442623145059325,0.01710508760447567,0.2807337684097095,0.3470207540199674,0.5774884744342507,0.9442623145059325,0.01710508760447567
0.4446790723264224,0.2462700778902339,0.5616309623790815,1.470037085757047,0.009247161374224162,0.4446790723264224,0.2462700778902339,0.5616309623790815,1.470037085757047,0.009247161374224162
0.2679631920823495,0.25481905876570266,0.44430432007674164,0.6976832479803472,0.6838459480661718,0.2679631920823495,0.25481905876570266,0.44430432007674164,0.6976832479803472,0.6838459480661718
0.37889398736990554,0.36906020605960593,0.4831861715316099,0.7915287529306866,0.015061724789279677,0.37889398736990554,0.36906020605960593,0.4831861715316099,0.7915287529306866,0.015061724789279677
0.34202039526432865,0.3562376263755654,0.4736890524819763,0.7154231833336572,0.28161986358097374,0.34202039526432865,0.3562376263755654,0.4736890524819763,0.7154231833336572,0.28161986358097374
0.3452471833018234,0.275128423714814,0.5044355375071861,0.840651310988207,0.4558921545080808,0.3452471833018234,0.275128423714814,0.5044355375071861,0.840651310988207,0.4558921545080808
0.20874119641425215,0.21286947986961205,0.2922195100707605,0.4261526990758611,0.8191540671985469,0.20874119641425215,0.21286947986961205,0.2922195100707605,0.4261526990758611,0.8191540671985469
0.31393000188845,0.3514785807409989,0.42397301712060664,0.7122219558963456,0.5072140346414479,0.31393000188845,0.3514785807409989,0.42397301712060664,0.7122219558963456,0.5072140346414479
0.4367919648402905,0.29916567445407594,0.5174606916999204,1.0781441685943112,0.0,0.4367919648402905,0.29916567445407594,0.5174606916999204,1.0781441685943112,0.0
0.23288493407778307,0.22507957203976797,0.33600622830323446,0.4837552789759188,0.7724518875337945,0.23288493407778307,0.22507957203976797,0.33600622830323446,0.4837552789759188,0.7724518875337945
0.3447831107715932,0.3197692336768991,0.36454243736932007,0.7785850059128566,0.6989266626715747,0.3447831107715932,0.3197692336768991,0.36454243736932007,0.7785850059128566,0.6989266626715747
0.41851988550972924,0.3364385373044161,0.4813893015682715,0.9154046440127237,0.16542888350726756,0.41851988550972924,0.3364385373044161,0.4813893015682715,0.9154046440127237,0.16542888350726756
0.24950265427522958,0.2711227662613009,0.4928539212571812,0.8273167750947044,0.6671770641931947,0.24950265427522958,0.2711227662613009,0.4928539212571812,0.8273167750947044,0.6671770641931947
0.4083159558722764,0.3562595678191601,0.45790617259500294,0.845653415867638,0.22140116599731552,0.4083159558722764,0.3562595678191601,0.45790617259500294,0.845653415867638,0.22140116599731552
0.32571034025983014,0.5914000593176246,0.34357314060318156,1.4853553149223038,0.060819538458216964,0.32571034025983014,0.5914000593176246,0.34357314060318156,1.4853553149223038,0.060819538458216964
0.26610956852624545,0.24239757208937593,0.5201995413906956,0.9277026612441867,0.679591257449843,0.26610956852624545,0.24239757208937593,0.5201995413906956,0.9277026612441867,0.679591257449843
0.3135085597010506,0.23087738631875454,0.5364744421721888,0.9124951095541547,0.5413213448145907,0.3135085597010506,0.23087738631875454,0.5364744421721888,0.9124951095541547,0.5413213448145907
