f_1,f_2,f_3,f_1_min,f_2_min,f_3_min
0.2653365757488214,0.26536885446224634,0.9271197070355757,0.2653365757488214,0.26536885446224634,0.9271197070355757
4.329825203311855e-17,4.3299033115220064e-17,1.0000193950755325,4.329825203311855e-17,4.3299033115220064e-17,1.0000193950755325
0.3039186947535719,0.30387579498122,0.9030823248070659,0.3039186947535719,0.30387579498122,0.9030823248070659
0.35789359452695696,0.35786810961555227,0.8625428525146298,0.35789359452695696,0.35786810961555227,0.8625428525146298
0.21951710055295284,0.2196122656285152,0.9508600207967396,0.21951710055295284,0.2196122656285152,0.9508600207967396
0.23245100869253724,0.23242135976436104,0.9446175010869191,0.23245100869253724,0.23242135976436104,0.9446175010869191
0.7068235845862737,0.7067742177845266,0.031020377248782927,0.7068235845862737,0.7067742177845266,0.031020377248782927
0.24372650786848335,0.24370508475236696,0.9387903014741589,0.24372650786848335,0.24370508475236696,0.9387903014741589
0.2976530723647785,0.2976327299681679,0.9071475195729182,0.2976530723647785,0.2976327299681679,0.9071475195729182
0.3133189408014755,0.3133567829687753,0.8965810157134908,0.3133189408014755,0.3133567829687753,0.8965810157134908
0.29146577559983655,0.29148958661675767,0.9111881168573396,0.29146577559983655,0.29148958661675767,0.9111881168573396
0.3420613699008469,0.3419962711939159,0.8754331413004787,0.3420613699008469,0.3419962711939159,0.8754331413004787
0.32612459483594014,0.3260058429928444,0.8875965045247157,0.32612459483594014,0.3260058429928444,0.8875965045247157
0.27626291861717606,0.2762876203350681,0.9206594827580882,0.27626291861717606,0.2762876203350681,0.9206594827580882
0.6995350768240428,0.7332215121487281,0.1889355026604537,0.6995350768240428,0.7332215121487281,0.1889355026604537
0.2865288024786923,0.2865068229722807,0.9142922644159437,0.2865288024786923,0.2865068229722807,0.9142922644159437
0.3200537949875241,0.32016578786510985,0.8919108913579747,0.3200537949875241,0.32016578786510985,0.8919108913579747
0.25476242428127893,0.2549741036947791,0.9333582452636098,0.25476242428127893,0.2549741036947791,0.9333582452636098
0.3085785787712311,0.3086332646165685,0.8998653625168404,0.3085785787712311,0.3086332646165685,0.8998653625168404
0.33207280683350576,0.33197795363341615,0.8831093524101942,0.33207280683350576,0.33197795363341615,0.8831093524101942
0.34628753058729317,0.3462674840424046,0.8719280084212803,0.34628753058729317,0.3462674840424046,0.8719280084212803
0.2944044637239868,0.29445110248865586,0.9093322222065853,0.2944044637239868,0.29445110248865586,0.9093322222065853
0.1480480861771651,0.14798867113821731,0.9782143937325286,0.1480480861771651,0.14798867113821731,0.9782143937325286
0.30889435895026324,0.3088819060549944,0.8995933700227725,0.30889435895026324,0.3088819060549944,0.8995933700227725
0.3214478174966769,0.3214266922466197,0.8907695751048524,0.3214478174966769,0.3214266922466197,0.8907695751048524
0.2239743541565323,0.2240104592517245,0.9486570059252336,0.2239743541565323,0.2240104592517245,0.9486570059252336
0.3112690029083239,0.31129622680050834,0.8980183185431133,0.3112690029083239,0.31129622680050834,0.8980183185431133
0.23826554268338992,0.2384200235317432,0.9420844576111197,0.23826554268338992,0.2384200235317432,0.9420844576111197
0.3505515990505919,0.35073001617624683,0.8687744562081365,0.3505515990505919,0.35073001617624683,0.8687744562081365
0.260296049869667,0.2601166407029897,0.9305300742363943,0.260296049869667,0.2601166407029897,0.9305300742363943
0.3009572040660564,0.3008917952479093,0.9051456474406737,0.3009572040660564,0.3008917952479093,0.9051456474406737
0.29713290505962314,0.2971488927029721,0.9074604005825981,0.29713290505962314,0.2971488927029721,0.9074604005825981
0.27826741242081693,0.27832268893992124,0.9194375425395985,0.27826741242081693,0.27832268893992124,0.9194375425395985
0.2620799040196248,0.26212028620255257,0.9288751910563473,0.2620799040196248,0.26212028620255257,0.9288751910563473
0.28650002128168695,0.28647936226004933,0.914306289341252,0.28650002128168695,0.28647936226004933,0.914306289341252
0.7070812440839758,0.7072087824795615,0.01957400789547895,0.7070812440839758,0.7072087824795615,0.01957400789547895
0.3245169544136126,0.3245548533527209,0.888579636002494,0.3245169544136126,0.3245548533527209,0.888579636002494
0.07849743882185713,0.07848804745499986,0.9939411719365132,0.07849743882185713,0.07848804745499986,0.9939411719365132
0.3352219203364026,0.33526009111573435,0.8805799908355414,0.3352219203364026,0.33526009111573435,0.8805799908355414
0.31832531836309436,0.3182567641261349,0.8931572888490898,0.31832531836309436,0.3182567641261349,0.8931572888490898
0.2726515608926004,0.2726845299359107,0.9228382264721726,0.2726515608926004,0.2726845299359107,0.9228382264721726
0.3276384257023258,0.3276214373541276,0.8862224853313937,0.3276384257023258,0.3276214373541276,0.8862224853313937
0.3085370211071777,0.30858623337886215,0.8998809651031683,0.3085370211071777,0.30858623337886215,0.8998809651031683
0.2980430853521749,0.2980510024834404,0.906847959418953,0.2980430853521749,0.2980510024834404,0.906847959418953
0.21461675447533107,0.21467499997150483,0.952995515879444,0.21461675447533107,0.21467499997150483,0.952995515879444
0.3047491358248795,0.30483635721299157,0.9025344655752547,0.3047491358248795,0.30483635721299157,0.9025344655752547
0.10126662465317733,0.10129142123910377,0.9898566571355651,0.10126662465317733,0.10129142123910377,0.9898566571355651
0.2623126483488213,0.26232743919348783,0.9287106097686538,0.2623126483488213,0.26232743919348783,0.9287106097686538
0.2839651535655438,0.28399044917355865,0.9159449322239706,0.2839651535655438,0.28399044917355865,0.9159449322239706
0.3333740484479178,0.3333056259398916,0.8821021585443003,0.3333740484479178,0.3333056259398916,0.8821021585443003
0.25896417434984403,0.258968169478362,0.9305372053790674,0.25896417434984403,0.258968169478362,0.9305372053790674
0.23085537652353647,0.23086311483680844,0.9452441058777251,0.23085537652353647,0.23086311483680844,0.9452441058777251
0.7027547873029129,0.7027077813565531,0.11145921937966077,0.7027547873029129,0.7027077813565531,0.11145921937966077
0.31276372264704827,0.3128143168467568,0.8969570991005305,0.31276372264704827,0.3128143168467568,0.8969570991005305
0.2468286205265143,0.24677653438208771,0.9372739482598385,0.2468286205265143,0.24677653438208771,0.9372739482598385
0.3662455232055811,0.3664720865059144,0.8558151056683727,0.3662455232055811,0.3664720865059144,0.8558151056683727
0.3467118224125045,0.34685604976467493,0.8717864092338932,0.3467118224125045,0.34685604976467493,0.8717864092338932
0.2932705289936843,0.2932289073607885,0.9100755505256197,0.2932705289936843,0.2932289073607885,0.9100755505256197
0.26256360402521395,0.26253885182184533,0.9285992626774419,0.26256360402521395,0.26253885182184533,0.9285992626774419
0.29457299474023235,0.29451931173044077,0.9092570774179368,0.29457299474023235,0.29451931173044077,0.9092570774179368
0.2257459632184653,0.2256953509350705,0.9479781143073656,0.2257459632184653,0.2256953509350705,0.9479781143073656
0.3411767491170039,0.3412375465406746,0.8760185458199892,0.3411767491170039,0.3412375465406746,0.8760185458199892
0.2485970556647346,0.24870771100241792,0.9364364556088184,0.2485970556647346,0.24870771100241792,0.9364364556088184
0.7070565074709041,0.7069493208303633,0.02537664755054021,0.7070565074709041,0.7069493208303633,0.02537664755054021
0.188774965957241,0.1887923358550262,0.9637733406746999,0.188774965957241,0.1887923358550262,0.9637733406746999
0.28573881155095066,0.28564026024976397,0.9150685030386115,0.28573881155095066,0.28564026024976397,0.9150685030386115
0.32300283857106693,0.3230371187262959,0.8896779132902449,0.32300283857106693,0.3230371187262959,0.8896779132902449
0.25844756853757755,0.258366387910992,0.9310702588158516,0.25844756853757755,0.258366387910992,0.9310702588158516
0.0562279182686448,0.05622042499105892,0.9969672621753829,0.0562279182686448,0.05622042499105892,0.9969672621753829
0.2773450559780072,0.2773878504054245,0.9201020303149008,0.2773450559780072,0.2773878504054245,0.9201020303149008
0.33093437515751584,0.3310463433670096,0.8840266355582749,0.33093437515751584,0.3310463433670096,0.8840266355582749
0.3657289135150081,0.36538682968882785,0.8567917524337558,0.3657289135150081,0.36538682968882785,0.8567917524337558
0.32003038967246267,0.31998157610429717,0.8919771744971189,0.32003038967246267,0.31998157610429717,0.8919771744971189
0.316407068704439,0.3164361845002923,0.8943570284133249,0.316407068704439,0.3164361845002923,0.8943570284133249
0.30999999302781417,0.3100762446238637,0.8989248824604342,0.30999999302781417,0.3100762446238637,0.8989248824604342
0.3018316388821951,0.301804393991375,0.9044241857548136,0.3018316388821951,0.301804393991375,0.9044241857548136
0.2983301758570855,0.2983525419630851,0.9066936969463241,0.2983301758570855,0.2983525419630851,0.9066936969463241
0.23015221613923395,0.23021485214243487,0.9459533668919817,0.23015221613923395,0.23021485214243487,0.9459533668919817
0.3333828039621185,0.3334429594176289,0.881996946036668,0.3333828039621185,0.3334429594176289,0.881996946036668
0.2940657651786308,0.2941174363304778,0.9095324936746065,0.2940657651786308,0.2941174363304778,0.9095324936746065
0.3460338635286923,0.34592360958357027,0.872431614161979,0.3460338635286923,0.34592360958357027,0.872431614161979
0.2544935479304618,0.25458079340154083,0.9333937215342607,0.2544935479304618,0.25458079340154083,0.9333937215342607
0.23557970651620608,0.23559866600015728,0.9429284999184873,0.23557970651620608,0.23559866600015728,0.9429284999184873
0.31021213218057136,0.31024338242109395,0.8986911296813043,0.31021213218057136,0.31024338242109395,0.8986911296813043
0.30499295396267545,0.3050747244521799,0.9023580860912251,0.30499295396267545,0.3050747244521799,0.9023580860912251
0.32401676863677237,0.3239412405211745,0.8890521203636516,0.32401676863677237,0.3239412405211745,0.8890521203636516
0.35066884885606225,0.35085040556896274,0.8687106008489885,0.35066884885606225,0.35085040556896274,0.8687106008489885
0.26186236956048387,0.2618297387225746,0.9290255398469158,0.26186236956048387,0.2618297387225746,0.9290255398469158
0.13735225420814018,0.13730799686869138,0.9811961402119364,0.13735225420814018,0.13730799686869138,0.9811961402119364
0.2983062718655462,0.298346418570249,0.906750038386304,0.2983062718655462,0.298346418570249,0.906750038386304
0.2851433993066247,0.28512773593472407,0.915135427913472,0.2851433993066247,0.28512773593472407,0.915135427913472
0.7032896943195945,0.7032242112826879,0.1048460263035174,0.7032896943195945,0.7032242112826879,0.1048460263035174
0.31720831054689985,0.317182667167692,0.8938370477378393,0.31720831054689985,0.317182667167692,0.8938370477378393
0.31946322658221377,0.31939238244004264,0.8923384452457042,0.31946322658221377,0.31939238244004264,0.8923384452457042
0.10037013298222072,0.10036023738842417,0.989944801776784,0.10037013298222072,0.10036023738842417,0.989944801776784
0.27833940201276824,0.27837073012725466,0.9193441936315525,0.27833940201276824,0.27837073012725466,0.9193441936315525
0.3161170994178133,0.31613986693285967,0.8946073200086222,0.3161170994178133,0.31613986693285967,0.8946073200086222
0.11401171435521303,0.1140299785004481,0.9870414264488869,0.11401171435521303,0.1140299785004481,0.9870414264488869
0.3461178726483797,0.34609231482193514,0.8720850864667847,0.3461178726483797,0.34609231482193514,0.8720850864667847
0.30746541485544937,0.3074780457181238,0.9005448152122895,0.30746541485544937,0.3074780457181238,0.9005448152122895
0.26325275012419125,0.2631688256749101,0.9284524090623557,0.26325275012419125,0.2631688256749101,0.9284524090623557
0.05860759724496067,0.058614186048822924,0.9966393641551115,0.05860759724496067,0.058614186048822924,0.9966393641551115
0.7071328515936725,0.7073097843275592,0.0,0.7071328515936725,0.7073097843275592,0.0
0.30213289238471985,0.302125511438494,0.9041470562338256,0.30213289238471985,0.302125511438494,0.9041470562338256
0.22539961013145277,0.22543730585613608,0.9479865222528208,0.22539961013145277,0.22543730585613608,0.9479865222528208
0.29480986271819243,0.2948513023555382,0.9090546443373366,0.29480986271819243,0.2948513023555382,0.9090546443373366
0.3336265698467847,0.33369765354993314,0.8818303827786871,0.3336265698467847,0.33369765354993314,0.8818303827786871
0.23969796347700056,0.23966820077449513,0.9409177659820347,0.23969796347700056,0.23966820077449513,0.9409177659820347
0.28491096912635716,0.28485201409172517,0.9154390823770592,0.28491096912635716,0.28485201409172517,0.9154390823770592
0.3760887744201504,0.3783185367022941,0.8506144974119982,0.3760887744201504,0.3783185367022941,0.8506144974119982
0.2589889804421938,0.2589507540439017,0.9306226663486442,0.2589889804421938,0.2589507540439017,0.9306226663486442
0.3208357429534056,0.32090418974431284,0.8912751494527565,0.3208357429534056,0.32090418974431284,0.8912751494527565
0.2815181260620768,0.28149870369017377,0.9174135116529775,0.2815181260620768,0.28149870369017377,0.9174135116529775
0.3283608803861843,0.32830883534487804,0.8858287487971863,0.3283608803861843,0.32830883534487804,0.8858287487971863
0.30124193705972807,0.30123073564116964,0.9047486587004864,0.30124193705972807,0.30123073564116964,0.9047486587004864
0.34595072320199094,0.34604101887015776,0.8722993033738512,0.34595072320199094,0.34604101887015776,0.8722993033738512
0.33291502705435067,0.3327122502738432,0.882749315809791,0.33291502705435067,0.3327122502738432,0.882749315809791
0.28349027375036356,0.28330427825553073,0.9167850704980185,0.28349027375036356,0.28330427825553073,0.9167850704980185
0.2005461916498381,0.20062982419038186,0.959270019291828,0.2005461916498381,0.20062982419038186,0.959270019291828
0.3226044736002903,0.3225632543406264,0.8899780296308782,0.3226044736002903,0.3225632543406264,0.8899780296308782
0.25056592520876647,0.25059478079126474,0.9352357445863003,0.25056592520876647,0.25059478079126474,0.9352357445863003
0.7070878827977182,0.706658674257583,0.038710864601574344,0.7070878827977182,0.706658674257583,0.038710864601574344
0.24004360312147696,0.23999335283291998,0.9407708652808432,0.24004360312147696,0.23999335283291998,0.9407708652808432
0.3168628752951207,0.3168445622459211,0.8940255718513561,0.3168628752951207,0.3168445622459211,0.8940255718513561
0.281217881581982,0.2812439857395971,0.9176440599384641,0.281217881581982,0.2812439857395971,0.9176440599384641
0.015526583147420935,0.015523456316447833,0.9998956217870884,0.015526583147420935,0.015523456316447833,0.9998956217870884
0.22537863244272047,0.22545650766574502,0.9481360319209513,0.22537863244272047,0.22545650766574502,0.9481360319209513
0.3885567707759785,0.38394814860634224,0.8500119494706818,0.3885567707759785,0.38394814860634224,0.8500119494706818
0.3067149080737718,0.30674858380522696,0.9011018945573642,0.3067149080737718,0.30674858380522696,0.9011018945573642
0.29496883143790287,0.2950036731476001,0.9089352414606481,0.29496883143790287,0.2950036731476001,0.9089352414606481
0.3254395088205768,0.3254560916410408,0.8878285830485323,0.3254395088205768,0.3254560916410408,0.8878285830485323
0.272945241308658,0.27298403698129464,0.9226942541442292,0.272945241308658,0.27298403698129464,0.9226942541442292
0.2142144535394828,0.21417046988656263,0.9531818947537065,0.2142144535394828,0.21417046988656263,0.9531818947537065
0.2833767591452973,0.2833091134412548,0.9164327762215989,0.2833767591452973,0.2833091134412548,0.9164327762215989
0.34930369389004123,0.34923624433162126,0.8696747966806444,0.34930369389004123,0.34923624433162126,0.8696747966806444
0.24981796173375764,0.24983580239195444,0.9355889207089556,0.24981796173375764,0.24983580239195444,0.9355889207089556
0.31732024921407176,0.31735373460778854,0.8938203107704356,0.31732024921407176,0.31735373460778854,0.8938203107704356
0.24003039016058944,0.23999632058701076,0.9407664167294831,0.24003039016058944,0.23999632058701076,0.9407664167294831
0.7071164739493851,0.7072932328328041,0.009275385755594251,0.7071164739493851,0.7072932328328041,0.009275385755594251
0.3009309287620501,0.30090313063065643,0.9050255130595141,0.3009309287620501,0.30090313063065643,0.9050255130595141
0.6926730032701848,0.6921976708860366,0.20601346994241318,0.6926730032701848,0.6921976708860366,0.20601346994241318
0.22500860019872987,0.2249327965362652,0.9483724980674655,0.22500860019872987,0.2249327965362652,0.9483724980674655
0.3090070880539593,0.30898584517663363,0.8995383267880075,0.3090070880539593,0.30898584517663363,0.8995383267880075
0.31993963018472144,0.32001510611315126,0.8919245276230813,0.31993963018472144,0.32001510611315126,0.8919245276230813
0.058538487140333675,0.05854959056321861,0.9967035085964933,0.058538487140333675,0.05854959056321861,0.9967035085964933
0.2931942838347901,0.29352486203122363,0.9107538630739956,0.2931942838347901,0.29352486203122363,0.9107538630739956
0.32664963896828264,0.3266349353790903,0.8869486677253293,0.32664963896828264,0.3266349353790903,0.8869486677253293
0.3460587130666519,0.3461114219640915,0.8721557509486244,0.3460587130666519,0.3461114219640915,0.8721557509486244
0.28267672616221734,0.282611377341485,0.9168465763744927,0.28267672616221734,0.282611377341485,0.9168465763744927
0.18223041163977607,0.18228710200577744,0.9664445730189055,0.18223041163977607,0.18228710200577744,0.9664445730189055
0.27338722874204535,0.2734297866040212,0.9224517505700106,0.27338722874204535,0.2734297866040212,0.9224517505700106
0.31618085908717936,0.3162019730160695,0.8945565876795527,0.31618085908717936,0.3162019730160695,0.8945565876795527
0.2932681210717935,0.29319750394956673,0.9101494300527587,0.2932681210717935,0.29319750394956673,0.9101494300527587
0.08860964624958864,0.08859702747284844,0.9922612997507607,0.08860964624958864,0.08859702747284844,0.9922612997507607
0.32732009477477714,0.327357841714831,0.8864812300177728,0.32732009477477714,0.327357841714831,0.8864812300177728
0.7066327205929539,0.7062380130828501,0.051287398536643,0.7066327205929539,0.7062380130828501,0.051287398536643
0.30417054638324587,0.3041314868687608,0.9028947679717038,0.30417054638324587,0.3041314868687608,0.9028947679717038
